,All.Treatment,PLOT,Genotype,No.Plants.est,No.Stems,Senescence,Treatment,Sowing,Altitude,M.Height,M.Thickness,M.Leaves,Year,BioM.Index,BioM.Index_NA,Harvist,Harvist_NA,DW,DW_NA,MC,Germ.First.20,Germ.First.32,Germ.First.50,Germ.15.43,Temp1,Temp5,Temp15,Temp40,Wat1,Wat5,Wat15,Wat40
1,Pr1,1,Pr1,7,7,0,none,7,High,0.6,1.333333333,2.333333333,2013 Dat,4.2,4.2,NA,NA,NA,NA,NA,0.333333333,2.8,5,4.8,7.635166667,9.267052083,9.267052083,9.267052083,0.036791667,0.076072917,0.076072917,0.076072917
2,Control,1,Control,3,3,2,none,7,High,0.4,1,2,2013 Dat,1.2,1.2,NA,NA,NA,NA,NA,0,2.2,4.428571429,4.2,7.635166667,9.267052083,9.267052083,9.267052083,0.036791667,0.076072917,0.076072917,0.076072917
3,Pr1,2,Pr1,0,0,NA,none,8,High,NA,NA,NA,2013 Dat,0,NA,NA,NA,NA,NA,NA,0,0,0.6,0.75,NA,NA,NA,NA,NA,NA,NA,NA
4,Control,2,Control,3,3,NA,none,8,High,0.3,1,1,2013 Dat,0.9,0.9,NA,NA,NA,NA,NA,0,1,3.4,4.25,NA,NA,NA,NA,NA,NA,NA,NA
5,Pr1 Treated,3,Pr1,0,0,NA,Treated,2,High,NA,NA,NA,2013 Dat,0,NA,NA,NA,NA,NA,NA,0,0.333333333,0.4,0.25,12.59091667,13.2954,14.90412083,15.21988646,0.114416667,0.101191667,0.089647222,0.098479167
6,Treated,3,Control,0,0,NA,Treated,2,High,NA,NA,NA,2013 Dat,0,NA,NA,NA,NA,NA,NA,0,0.666666667,0.6,0.5,12.59091667,13.2954,14.90412083,15.21988646,0.114416667,0.101191667,0.089647222,0.098479167
7,Pr1 Treated,4,Pr1,15,52,3,Treated,5,High,8.1875,3.875,4.125,2013 Dat,425.75,425.75,NA,NA,NA,NA,NA,8,13.4,17,16.8,18.704375,18.18279167,17.93177778,17.09813281,0.074125,0.084358333,0.095533333,0.081990625
8,Treated,4,Control,20,78,3,Treated,5,High,9.285714286,4,4.357142857,2013 Dat,724.2857143,724.2857143,NA,NA,NA,NA,NA,12,20.6,23.28571429,26.6,18.704375,18.18279167,17.93177778,17.09813281,0.074125,0.084358333,0.095533333,0.081990625
9,Pr1 Treated,5,Pr1,1,1,5,Treated,7,High,3,3,4,2013 Dat,3,3,NA,NA,NA,NA,NA,1.333333333,2.4,2.714285714,3,12.18347917,12.3153125,12.3153125,12.3153125,0.054375,0.109510417,0.109510417,0.109510417
10,Treated,5,Control,2,2,5,Treated,7,High,2.5,1,2,2013 Dat,5,5,NA,NA,NA,NA,NA,3.666666667,6,5.714285714,7.2,12.18347917,12.3153125,12.3153125,12.3153125,0.054375,0.109510417,0.109510417,0.109510417
11,Pr1,6,Pr1,3,5,7,none,3,High,4.5,5,5,2013 Dat,22.5,22.5,NA,NA,NA,NA,NA,0.5,2.25,2.714285714,3,14.88958333,13.14361667,12.43589444,14.40569792,0.053458333,0.050308333,0.052963889,0.042970833
12,Control,6,Control,8,59,5,none,3,High,9.4375,4.375,5.125,2013 Dat,556.8125,556.8125,NA,NA,NA,NA,NA,2,13.75,20,21.6,14.88958333,13.14361667,12.43589444,14.40569792,0.053458333,0.050308333,0.052963889,0.042970833
13,Pr1 Treated,7,Pr1,1,7,5,Treated,3,High,7.5,3,4,2013 Dat,52.5,52.5,NA,NA,NA,NA,NA,0,0.5,1.285714286,1.2,16.74145833,15.9905,15.00585417,17.3782474,0.101125,0.093741667,0.100633333,0.086102083
14,Treated,7,Control,30,87,2,Treated,3,High,11.88461538,3.792307692,4.846153846,2013 Dat,1033.961538,1033.961538,NA,NA,NA,NA,NA,0,5.25,13.85714286,13.4,16.74145833,15.9905,15.00585417,17.3782474,0.101125,0.093741667,0.100633333,0.086102083
15,Pr1,8,Pr1,3,3,10,none,6,High,0.8,2,3,2013 Dat,2.4,2.4,NA,NA,NA,NA,NA,0.5,1.25,2.714285714,2.2,15.0175,15.35244167,14.40409444,13.35155357,0.045041667,0.053716667,0.047366667,0.051962302
16,Control,8,Control,3,3,10,none,6,High,1.2,1,2,2013 Dat,3.6,3.6,NA,NA,NA,NA,NA,0,1,5.428571429,4.4,15.0175,15.35244167,14.40409444,13.35155357,0.045041667,0.053716667,0.047366667,0.051962302
17,Pr1,9,Pr1,2,17,2,none,1,High,10,6.666666667,4.666666667,2013 Dat,170,170,NA,NA,NA,NA,NA,0,0,2.333333333,2.333333333,NA,8.354514706,8.625775974,9.599238987,NA,0.071926471,0.091477273,0.085505507
18,Control,9,Control,7,26,5,none,1,High,8.916666667,5,4.666666667,2013 Dat,231.8333333,231.8333333,NA,NA,NA,NA,NA,0,0,3.333333333,3.333333333,NA,8.354514706,8.625775974,9.599238987,NA,0.071926471,0.091477273,0.085505507
19,Pr1,10,Pr1,1,13,3,none,1,High,9.5,4,5,2013 Dat,123.5,123.5,NA,NA,NA,NA,NA,0,0,2,2,NA,8.354514706,8.625775974,9.599238987,NA,0.071926471,0.091477273,0.085505507
20,Control,10,Control,8,30,1,none,1,High,4.5,2.428571429,4.428571429,2013 Dat,126,126,NA,NA,NA,NA,NA,0,0,4.666666667,4.666666667,NA,8.354514706,8.625775974,9.599238987,NA,0.071926471,0.091477273,0.085505507
21,Pr1,11,Pr1,0,0,NA,none,9,High,NA,NA,NA,2013 Dat,0,NA,NA,NA,NA,NA,NA,0,0,0,0,NA,NA,NA,NA,NA,NA,NA,NA
22,Control,11,Control,0,0,NA,none,9,High,NA,NA,NA,2013 Dat,0,NA,NA,NA,NA,NA,NA,0,0,0,0,NA,NA,NA,NA,NA,NA,NA,NA
23,Pr1 Treated,12,Pr1,0,0,NA,Treated,2,High,NA,NA,NA,2013 Dat,0,NA,NA,NA,NA,NA,NA,0,0,0,0,12.59091667,13.2954,14.90412083,15.21988646,0.114416667,0.101191667,0.089647222,0.098479167
24,Treated,12,Control,2,16,1,Treated,2,High,10,5.5,5.5,2013 Dat,160,160,NA,NA,NA,NA,NA,0.5,3,2.8,2.75,12.59091667,13.2954,14.90412083,15.21988646,0.114416667,0.101191667,0.089647222,0.098479167
25,Pr1,13,Pr1,2,2,4,none,7,High,0.4,1,3,2013 Dat,0.8,0.8,NA,NA,NA,NA,NA,1,3.8,6,6.2,7.635166667,9.267052083,9.267052083,9.267052083,0.036791667,0.076072917,0.076072917,0.076072917
26,Control,13,Control,23,23,5,none,7,High,0.5,1,3,2013 Dat,11.5,11.5,NA,NA,NA,NA,NA,1,9.6,19,18,7.635166667,9.267052083,9.267052083,9.267052083,0.036791667,0.076072917,0.076072917,0.076072917
27,Pr1 Treated,14,Pr1,0,0,NA,Treated,2,High,NA,NA,NA,2013 Dat,0,NA,NA,NA,NA,NA,NA,0,0,0,0,12.59091667,13.2954,14.90412083,15.21988646,0.114416667,0.101191667,0.089647222,0.098479167
28,Treated,14,Control,0,0,NA,Treated,2,High,NA,NA,NA,2013 Dat,0,NA,NA,NA,NA,NA,NA,0,0,0,0,12.59091667,13.2954,14.90412083,15.21988646,0.114416667,0.101191667,0.089647222,0.098479167
29,Treated,15,Control,10,28,4,Treated,4,High,3.272727273,1.272727273,4,2013 Dat,91.63636364,91.63636364,NA,NA,NA,NA,NA,0,4.2,11.14285714,9.8,15.80645833,17.31858333,18.30555556,18.39151563,0.11,0.096333333,0.079236111,0.081880208
30,Pr1 Treated,15,Pr1,4,4,7,Treated,4,High,1.333333333,1,3.333333333,2013 Dat,5.333333332,5.333333332,NA,NA,NA,NA,NA,0,0.2,1.428571429,0.6,15.80645833,17.31858333,18.30555556,18.39151563,0.11,0.096333333,0.079236111,0.081880208
31,Pr1,16,Pr1,5,28,1,none,2,High,8.25,3.25,5.25,2013 Dat,231,231,NA,NA,NA,NA,NA,5,5.666666667,4.8,5,10.194125,9.52255,11.05333056,12.07730208,0.090875,0.085791667,0.077786111,0.063032292
32,Control,16,Control,20,85,1,none,2,High,9.3,3.3,5.5,2013 Dat,790.5,790.5,NA,NA,NA,NA,NA,7.5,14,17.2,15.25,10.194125,9.52255,11.05333056,12.07730208,0.090875,0.085791667,0.077786111,0.063032292
33,Pr1,17,Pr1,3,16,1,none,2,High,8,4,5,2013 Dat,120,120,NA,NA,NA,NA,NA,4,5.666666667,4.4,4.75,10.194125,9.52255,11.05333056,12.07730208,0.090875,0.085791667,0.077786111,0.063032292
34,Control,17,Control,30,160,3,none,2,High,9.40625,3.8125,4.9375,2013 Dat,1505,1505,NA,NA,NA,NA,NA,38.5,49,58.8,55.75,10.194125,9.52255,11.05333056,12.07730208,0.090875,0.085791667,0.077786111,0.063032292
35,Pr1 Treated,18,Pr1,0,0,NA,Treated,1,High,NA,NA,NA,2013 Dat,0,NA,NA,NA,NA,NA,NA,0,0,0,0,NA,9.930632353,10.67086851,12.43901597,NA,0.10775,0.111506494,0.10445815
36,Treated,18,Control,0,0,NA,Treated,1,High,NA,NA,NA,2013 Dat,0,NA,NA,NA,NA,NA,NA,0,0,0,0,NA,9.930632353,10.67086851,12.43901597,NA,0.10775,0.111506494,0.10445815
37,Pr1 Treated,19,Pr1,20,68,1,Treated,4,High,14.30769231,4.615384615,4.769230769,2013 Dat,972.9230771,972.9230771,NA,NA,NA,NA,NA,21.33333333,26,28.85714286,33.4,15.80645833,17.31858333,18.30555556,18.39151563,0.11,0.096333333,0.079236111,0.081880208
38,Treated,19,Control,40,119,0,Treated,4,High,12.96428571,3.892857143,4.428571429,2013 Dat,1542.749999,1542.749999,NA,NA,NA,NA,NA,25.33333333,34.2,38.85714286,44.6,15.80645833,17.31858333,18.30555556,18.39151563,0.11,0.096333333,0.079236111,0.081880208
39,Pr1,20,Pr1,2,2,7,none,4,High,1.75,1.5,3.5,2013 Dat,3.5,3.5,NA,NA,NA,NA,NA,0,0.4,0.285714286,0.4,12.72433333,13.46128333,14.48567222,15.49508333,0.055125,0.042833333,0.034155556,0.049694792
40,Control,20,Control,5,12,5,none,4,High,3.25,3,4.25,2013 Dat,39,39,NA,NA,NA,NA,NA,0,0.2,3.571428571,3,12.72433333,13.46128333,14.48567222,15.49508333,0.055125,0.042833333,0.034155556,0.049694792
41,Pr1,21,Pr1,0,0,NA,none,5,High,NA,NA,NA,2013 Dat,0,NA,NA,NA,NA,NA,NA,2,1.4,1,1.4,15.30416667,15.33463333,15.48268611,15.00900208,0.044375,0.066291667,0.072794444,0.062298958
42,Control,21,Control,26,26,4,none,5,High,2.125,2.75,3.625,2013 Dat,55.25,55.25,NA,NA,NA,NA,NA,23.33333333,27.6,28.71428571,34,15.30416667,15.33463333,15.48268611,15.00900208,0.044375,0.066291667,0.072794444,0.062298958
43,Pr1 Treated,22,Pr1,0,0,NA,Treated,3,High,NA,NA,NA,2013 Dat,0,NA,NA,NA,NA,NA,NA,0,0,0,0,16.74145833,15.9905,15.00585417,17.3782474,0.101125,0.093741667,0.100633333,0.086102083
44,Treated,22,Control,10,57,3,Treated,3,High,8.875,3.875,4.25,2013 Dat,505.875,505.875,NA,NA,NA,NA,NA,11.5,16,16.57142857,19.4,16.74145833,15.9905,15.00585417,17.3782474,0.101125,0.093741667,0.100633333,0.086102083
45,Pr1,23,Pr1,10,52,5,none,4,High,11.375,4.5,4.75,2013 Dat,591.5,591.5,NA,NA,NA,NA,NA,6.333333333,11.4,16.42857143,16.6,12.72433333,13.46128333,14.48567222,15.49508333,0.055125,0.042833333,0.034155556,0.049694792
46,Control,23,Control,10,65,5,none,4,High,12.05555556,4.222222222,4.777777778,2013 Dat,783.6111114,783.6111114,NA,NA,NA,NA,NA,16,19.6,25.28571429,27.2,12.72433333,13.46128333,14.48567222,15.49508333,0.055125,0.042833333,0.034155556,0.049694792
47,Pr1,24,Pr1,1,3,4,none,3,High,11,4,5,2013 Dat,33,33,NA,NA,NA,NA,NA,0,0.25,0.571428571,0.6,14.88958333,13.14361667,12.43589444,14.40569792,0.053458333,0.050308333,0.052963889,0.042970833
48,Control,24,Control,5,26,5,none,3,High,5.5,4,5.5,2013 Dat,143,143,NA,NA,NA,NA,NA,1,5,5.285714286,6.4,14.88958333,13.14361667,12.43589444,14.40569792,0.053458333,0.050308333,0.052963889,0.042970833
49,Pr1,25,Pr1,0,0,NA,none,9,High,NA,NA,NA,2013 Dat,0,NA,NA,NA,NA,NA,NA,0,0,0,0,NA,NA,NA,NA,NA,NA,NA,NA
50,Control,25,Control,0,0,NA,none,9,High,NA,NA,NA,2013 Dat,0,NA,NA,NA,NA,NA,NA,0,0,0,0,NA,NA,NA,NA,NA,NA,NA,NA
51,Pr1 Treated,26,Pr1,0,0,NA,Treated,9,High,NA,NA,NA,2013 Dat,0,NA,NA,NA,NA,NA,NA,0,0,0,0,NA,NA,NA,NA,NA,NA,NA,NA
52,Treated,26,Control,0,0,NA,Treated,9,High,NA,NA,NA,2013 Dat,0,NA,NA,NA,NA,NA,NA,0,0,0,0,NA,NA,NA,NA,NA,NA,NA,NA
53,Pr1,27,Pr1,3,7,6,none,4,High,4.333333333,2.666666667,4,2013 Dat,30.33333333,30.33333333,NA,NA,NA,NA,NA,0,0.4,0.714285714,1,12.72433333,13.46128333,14.48567222,15.49508333,0.055125,0.042833333,0.034155556,0.049694792
54,Control,27,Control,10,22,7,none,4,High,2.722222222,2.222222222,3.5,2013 Dat,59.88888888,59.88888888,NA,NA,NA,NA,NA,0,2.6,7.571428571,6.8,12.72433333,13.46128333,14.48567222,15.49508333,0.055125,0.042833333,0.034155556,0.049694792
55,Pr1 Treated,28,Pr1,0,0,NA,Treated,8,High,NA,NA,NA,2013 Dat,0,NA,NA,NA,NA,NA,NA,1,2,2.6,3.25,NA,NA,NA,NA,NA,NA,NA,NA
56,Treated,28,Control,0,0,NA,Treated,8,High,NA,NA,NA,2013 Dat,0,NA,NA,NA,NA,NA,NA,2,5.5,7.2,9,NA,NA,NA,NA,NA,NA,NA,NA
57,Pr1 Treated,29,Pr1,0,0,NA,Treated,9,High,NA,NA,NA,2013 Dat,0,NA,NA,NA,NA,NA,NA,0,0,0,0,NA,NA,NA,NA,NA,NA,NA,NA
58,Treated,29,Control,0,0,NA,Treated,9,High,NA,NA,NA,2013 Dat,0,NA,NA,NA,NA,NA,NA,0,0,0,0,NA,NA,NA,NA,NA,NA,NA,NA
59,Pr1,30,Pr1,2,2,10,none,5,High,3,3,3,2013 Dat,6,6,NA,NA,NA,NA,NA,1.666666667,1.6,1.142857143,1.6,15.30416667,15.33463333,15.48268611,15.00900208,0.044375,0.066291667,0.072794444,0.062298958
60,Control,30,Control,24,24,9,none,5,High,2.75,2.125,3.625,2013 Dat,66,66,NA,NA,NA,NA,NA,15,23.4,26.71428571,30.6,15.30416667,15.33463333,15.48268611,15.00900208,0.044375,0.066291667,0.072794444,0.062298958
61,Pr1 Treated,31,Pr1,10,38,7,Treated,5,High,6.75,3.9,4.1,2013 Dat,256.5,256.5,NA,NA,NA,NA,NA,4.666666667,8.8,12.85714286,12.6,18.704375,18.18279167,17.93177778,17.09813281,0.074125,0.084358333,0.095533333,0.081990625
62,Treated,31,Control,50,147,5,Treated,5,High,12.88888889,3.277777778,4.111111111,2013 Dat,1894.666667,1894.666667,NA,NA,NA,NA,NA,43.66666667,63,79.42857143,85,18.704375,18.18279167,17.93177778,17.09813281,0.074125,0.084358333,0.095533333,0.081990625
63,Pr1 Treated,32,Pr1,9,9,8,Treated,6,High,4,2.75,4.25,2013 Dat,36,36,NA,NA,NA,NA,NA,5,12.25,16.71428571,21,16.64354167,16.9225,16.34435417,15.61690278,0.064541667,0.062283333,0.062233333,0.070565476
64,Treated,32,Control,15,15,9,Treated,6,High,3.428571429,1.571428571,3.428571429,2013 Dat,51.42857144,51.42857144,NA,NA,NA,NA,NA,8,17,22.57142857,27.2,16.64354167,16.9225,16.34435417,15.61690278,0.064541667,0.062283333,0.062233333,0.070565476
65,Pr1 Treated,33,Pr1,9,10,10,Treated,6,High,4.166666667,2.666666667,4.666666667,2013 Dat,41.66666667,41.66666667,NA,NA,NA,NA,NA,6.5,14.5,15.42857143,18.4,16.64354167,16.9225,16.34435417,15.61690278,0.064541667,0.062283333,0.062233333,0.070565476
66,Treated,33,Control,13,13,10,Treated,6,High,3.5,2.333333333,3.333333333,2013 Dat,45.5,45.5,NA,NA,NA,NA,NA,12,29,31.28571429,38.8,16.64354167,16.9225,16.34435417,15.61690278,0.064541667,0.062283333,0.062233333,0.070565476
67,Pr1 Treated,34,Pr1,0,0,NA,Treated,7,High,NA,NA,NA,2013 Dat,0,NA,NA,NA,NA,NA,NA,0.666666667,2.6,4.285714286,4.4,12.18347917,12.3153125,12.3153125,12.3153125,0.054375,0.109510417,0.109510417,0.109510417
68,Treated,34,Control,33,33,10,Treated,7,High,2.125,1.1,3,2013 Dat,70.125,70.125,NA,NA,NA,NA,NA,8,12.6,16.14285714,15.6,12.18347917,12.3153125,12.3153125,12.3153125,0.054375,0.109510417,0.109510417,0.109510417
69,Pr1 Treated,35,Pr1,10,23,8,Treated,5,High,6.857142857,3.857142857,4.285714286,2013 Dat,157.7142857,157.7142857,NA,NA,NA,NA,NA,7,8.4,11.14285714,12,18.704375,18.18279167,17.93177778,17.09813281,0.074125,0.084358333,0.095533333,0.081990625
70,Treated,35,Control,20,54,7,Treated,5,High,8.307692308,3,4.230769231,2013 Dat,448.6153846,448.6153846,NA,NA,NA,NA,NA,22,27,30.28571429,33.6,18.704375,18.18279167,17.93177778,17.09813281,0.074125,0.084358333,0.095533333,0.081990625
71,Pr1 Treated,36,Pr1,8,8,10,Treated,6,High,3.183333333,1.5,2.833333333,2013 Dat,25.46666666,25.46666666,NA,NA,NA,NA,NA,2.5,4.25,4.857142857,5.8,16.64354167,16.9225,16.34435417,15.61690278,0.064541667,0.062283333,0.062233333,0.070565476
72,Treated,36,Control,27,27,10,Treated,6,High,3.681818182,1.818181818,3.181818182,2013 Dat,99.40909091,99.40909091,NA,NA,NA,NA,NA,24,43,51.71428571,63.6,16.64354167,16.9225,16.34435417,15.61690278,0.064541667,0.062283333,0.062233333,0.070565476
73,Pr1 Treated,37,Pr1,0,0,NA,Treated,8,High,NA,NA,NA,2013 Dat,0,NA,NA,NA,NA,NA,NA,1.666666667,4,5.2,6.5,NA,NA,NA,NA,NA,NA,NA,NA
74,Treated,37,Control,0,0,NA,Treated,8,High,NA,NA,NA,2013 Dat,0,NA,NA,NA,NA,NA,NA,3.666666667,7,8.4,10.5,NA,NA,NA,NA,NA,NA,NA,NA
75,Pr1,38,Pr1,1,1,7,none,1,High,6,3,4,2013 Dat,6,6,NA,NA,NA,NA,NA,0,0,4,4,NA,8.354514706,8.625775974,9.599238987,NA,0.071926471,0.091477273,0.085505507
76,Control,38,Control,3,5,4,none,1,High,6,3,4,2013 Dat,30,30,NA,NA,NA,NA,NA,0,0,3.333333333,3.333333333,NA,8.354514706,8.625775974,9.599238987,NA,0.071926471,0.091477273,0.085505507
77,Treated,39,Control,0,0,NA,Treated,8,High,NA,NA,NA,2013 Dat,0,NA,NA,NA,NA,NA,NA,5.333333333,7.5,8.8,11,NA,NA,NA,NA,NA,NA,NA,NA
78,Pr1 Treated,39,Pr1,0,0,NA,Treated,8,High,NA,NA,NA,2013 Dat,0,NA,NA,NA,NA,NA,NA,0.666666667,1.25,1.4,1.75,NA,NA,NA,NA,NA,NA,NA,NA
79,Pr1,40,Pr1,1,1,8,none,6,High,0.5,0.5,3,2013 Dat,0.5,0.5,NA,NA,NA,NA,NA,0,0.5,0.857142857,0.8,15.0175,15.35244167,14.40409444,13.35155357,0.045041667,0.053716667,0.047366667,0.051962302
80,Control,40,Control,0,0,NA,none,6,High,NA,NA,NA,2013 Dat,0,NA,NA,NA,NA,NA,NA,0,0.25,3.285714286,1,15.0175,15.35244167,14.40409444,13.35155357,0.045041667,0.053716667,0.047366667,0.051962302
81,Pr1,41,Pr1,0,0,NA,none,8,High,NA,NA,NA,2013 Dat,0,NA,NA,NA,NA,NA,NA,0,0,0,0,NA,NA,NA,NA,NA,NA,NA,NA
82,Control,41,Control,0,0,NA,none,8,High,NA,NA,NA,2013 Dat,0,NA,NA,NA,NA,NA,NA,0,0.5,3,3.75,NA,NA,NA,NA,NA,NA,NA,NA
83,Pr1,42,Pr1,0,0,NA,none,6,High,NA,NA,NA,2013 Dat,0,NA,NA,NA,NA,NA,NA,0,0.25,0.571428571,0.6,15.0175,15.35244167,14.40409444,13.35155357,0.045041667,0.053716667,0.047366667,0.051962302
84,Control,42,Control,0,0,NA,none,6,High,NA,NA,NA,2013 Dat,0,NA,NA,NA,NA,NA,NA,0,1.75,4.285714286,2.6,15.0175,15.35244167,14.40409444,13.35155357,0.045041667,0.053716667,0.047366667,0.051962302
85,Pr1 Treated,43,Pr1,0,0,NA,Treated,1,High,NA,NA,NA,2013 Dat,0,NA,NA,NA,NA,NA,NA,0,0,0,0,NA,9.930632353,10.67086851,12.43901597,NA,0.10775,0.111506494,0.10445815
86,Treated,43,Control,0,0,NA,Treated,1,High,NA,NA,NA,2013 Dat,0,NA,NA,NA,NA,NA,NA,0,0,0.333333333,0.333333333,NA,9.930632353,10.67086851,12.43901597,NA,0.10775,0.111506494,0.10445815
87,Pr1,44,Pr1,0,0,NA,none,8,High,NA,NA,NA,2013 Dat,0,NA,NA,NA,NA,NA,NA,0.333333333,0.75,1.2,1.5,NA,NA,NA,NA,NA,NA,NA,NA
88,Control,44,Control,0,0,NA,none,8,High,NA,NA,NA,2013 Dat,0,NA,NA,NA,NA,NA,NA,0,2,5,6.25,NA,NA,NA,NA,NA,NA,NA,NA
89,Pr1,45,Pr1,20,75,4,none,2,High,20,5.875,5.375,2013 Dat,1500,1500,NA,NA,NA,NA,NA,20.5,23,23.8,22.75,10.194125,9.52255,11.05333056,12.07730208,0.090875,0.085791667,0.077786111,0.063032292
90,Control,45,Control,30,192,2,none,2,High,12.875,4.375,5,2013 Dat,2472,2472,NA,NA,NA,NA,NA,63,67.66666667,67.6,67.75,10.194125,9.52255,11.05333056,12.07730208,0.090875,0.085791667,0.077786111,0.063032292
91,Pr1 Treated,46,Pr1,0,0,NA,Treated,7,High,NA,NA,NA,2013 Dat,0,NA,NA,NA,NA,NA,NA,1.666666667,2.6,3.285714286,3.6,12.18347917,12.3153125,12.3153125,12.3153125,0.054375,0.109510417,0.109510417,0.109510417
92,Treated,46,Control,0,0,NA,Treated,7,High,NA,NA,NA,2013 Dat,0,NA,NA,NA,NA,NA,NA,0,0.2,0.857142857,0.6,12.18347917,12.3153125,12.3153125,12.3153125,0.054375,0.109510417,0.109510417,0.109510417
93,Pr1,47,Pr1,4,9,7,none,3,High,6.875,5.25,4.75,2013 Dat,61.875,61.875,NA,NA,NA,NA,NA,0.5,1.75,1.714285714,2,14.88958333,13.14361667,12.43589444,14.40569792,0.053458333,0.050308333,0.052963889,0.042970833
94,Control,47,Control,10,55,7,none,3,High,12.40909091,4.636363636,4,2013 Dat,682.5000001,682.5000001,NA,NA,NA,NA,NA,0.5,17.25,22.14285714,25.6,14.88958333,13.14361667,12.43589444,14.40569792,0.053458333,0.050308333,0.052963889,0.042970833
95,Pr1 Treated,48,Pr1,1,1,10,Treated,1,High,NA,NA,NA,2013 Dat,0,NA,NA,NA,NA,NA,NA,2,2,2.666666667,2.666666667,NA,9.930632353,10.67086851,12.43901597,NA,0.10775,0.111506494,0.10445815
96,Treated,48,Control,4,22,8,Treated,1,High,13.25,5.25,5.25,2013 Dat,291.5,291.5,NA,NA,NA,NA,NA,0,0,2.666666667,2.666666667,NA,9.930632353,10.67086851,12.43901597,NA,0.10775,0.111506494,0.10445815
97,Pr1,49,Pr1,0,0,NA,none,9,High,NA,NA,NA,2013 Dat,0,NA,NA,NA,NA,NA,NA,0,0,0,0,NA,NA,NA,NA,NA,NA,NA,NA
98,Control,49,Control,0,0,NA,none,9,High,NA,NA,NA,2013 Dat,0,NA,NA,NA,NA,NA,NA,0,0,0,0,NA,NA,NA,NA,NA,NA,NA,NA
99,Pr1 Treated,50,Pr1,1,6,7,Treated,3,High,8.75,5,5,2013 Dat,52.5,52.5,NA,NA,NA,NA,NA,0,0.5,1.142857143,1.2,16.74145833,15.9905,15.00585417,17.3782474,0.101125,0.093741667,0.100633333,0.086102083
100,Treated,50,Control,50,229,7,Treated,3,High,18.56666667,3.866666667,4.466666667,2013 Dat,4251.766667,4251.766667,NA,NA,NA,NA,NA,21,44,59,66.6,16.74145833,15.9905,15.00585417,17.3782474,0.101125,0.093741667,0.100633333,0.086102083
101,Pr1,51,Pr1,3,3,10,none,7,High,0.8,5,2,2013 Dat,2.4,2.4,NA,NA,NA,NA,NA,0.333333333,1.6,3,2.6,7.635166667,9.267052083,9.267052083,9.267052083,0.036791667,0.076072917,0.076072917,0.076072917
102,Control,51,Control,8,8,10,none,7,High,0.95,1,2.5,2013 Dat,7.6,7.6,NA,NA,NA,NA,NA,0,4.8,10.14285714,9.6,7.635166667,9.267052083,9.267052083,9.267052083,0.036791667,0.076072917,0.076072917,0.076072917
103,Pr1 Treated,52,Pr1,30,106,6,Treated,4,High,15.64285714,4.785714286,4.928571429,2013 Dat,1658.142857,1658.142857,NA,NA,NA,NA,NA,18.66666667,22.6,24.14285714,27.6,15.80645833,17.31858333,18.30555556,18.39151563,0.11,0.096333333,0.079236111,0.081880208
104,Treated,52,Control,50,145,NA,Treated,4,High,13.125,3.583333333,4.25,2013 Dat,1903.125,1903.125,NA,NA,NA,NA,NA,32,38.4,44,48,15.80645833,17.31858333,18.30555556,18.39151563,0.11,0.096333333,0.079236111,0.081880208
105,Pr1 Treated,53,Pr1,0,0,NA,Treated,9,High,NA,NA,NA,2013 Dat,0,NA,NA,NA,NA,NA,NA,0,0,0,0,NA,NA,NA,NA,NA,NA,NA,NA
106,Treated,53,Control,0,0,NA,Treated,9,High,NA,NA,NA,2013 Dat,0,NA,NA,NA,NA,NA,NA,0,0,0,0,NA,NA,NA,NA,NA,NA,NA,NA
107,Pr1,54,Pr1,1,1,NA,none,5,High,2,1,3,2013 Dat,2,2,NA,NA,NA,NA,NA,0.666666667,1,1,1.2,15.30416667,15.33463333,15.48268611,15.00900208,0.044375,0.066291667,0.072794444,0.062298958
108,Control,54,Control,11,11,7,none,5,High,6.25,4.5,4,2013 Dat,68.75,68.75,NA,NA,NA,NA,NA,10.66666667,15.4,15.42857143,18.4,15.30416667,15.33463333,15.48268611,15.00900208,0.044375,0.066291667,0.072794444,0.062298958
109,Pr1 Treated,55,Pr1,14,31,5,Treated,5,Low,3.875,1.75,4.5,2013 Dat,120.125,120.125,NA,NA,NA,NA,NA,NA,NA,NA,NA,NA,NA,NA,NA,0.225791667,0.193162791,0.193162791,0.193162791
110,Treated,55,Control,9,15,5,Treated,5,Low,3.777777778,2.125,4,2013 Dat,56.66666667,56.66666667,NA,NA,NA,NA,NA,NA,NA,NA,NA,NA,NA,NA,NA,0.225791667,0.193162791,0.193162791,0.193162791
111,Pr1,56,Pr1,0,0,NA,none,9,Low,NA,NA,NA,2013 Dat,0,NA,NA,NA,NA,NA,NA,NA,NA,NA,NA,NA,NA,NA,NA,NA,NA,NA,NA
112,Control,56,Control,0,0,NA,none,9,Low,NA,1,NA,2013 Dat,0,NA,NA,NA,NA,NA,NA,NA,NA,NA,NA,NA,NA,NA,NA,NA,NA,NA,NA
113,Pr1 Treated,57,Pr1,6,77,6,Treated,3,Low,23.5,6.36,6.75,2013 Dat,1809.5,1809.5,NA,NA,NA,NA,NA,NA,NA,NA,NA,16.53375,19.20904167,18.40208333,21.03048246,0.182270833,0.14775,0.189048611,0.136306806
114,Treated,57,Control,8,99,6,Treated,3,Low,21.11428571,4.851428571,6.166666667,2013 Dat,2090.314285,2090.314285,NA,NA,NA,NA,NA,NA,NA,NA,NA,16.53375,19.20904167,18.40208333,21.03048246,0.182270833,0.14775,0.189048611,0.136306806
115,Pr1,58,Pr1,1,13,4,none,3,Low,12,5.8,6,2013 Dat,156,156,NA,NA,NA,NA,NA,NA,NA,NA,NA,14.99416667,17.61575,16.47892222,18.85354386,0.065791667,0.0396,0.090990278,0.078610471
116,Control,58,Control,1,4,5,none,3,Low,9,3.61,5.5,2013 Dat,36,36,NA,NA,NA,NA,NA,NA,NA,NA,NA,14.99416667,17.61575,16.47892222,18.85354386,0.065791667,0.0396,0.090990278,0.078610471
117,Pr1,59,Pr1,2,33,4,none,1,Low,16.5,5.245,6,2013 Dat,544.5,544.5,NA,NA,NA,NA,NA,NA,NA,NA,NA,17.62520833,14.07172917,12.70801111,14.4300929,0.034291667,0.035170833,0.107776389,0.103339583
118,Control,59,Control,3,33,3,none,1,Low,16.5,5.41,5,2013 Dat,544.5,544.5,NA,NA,NA,NA,NA,NA,NA,NA,NA,17.62520833,14.07172917,12.70801111,14.4300929,0.034291667,0.035170833,0.107776389,0.103339583
119,Pr1 Treated,60,Pr1,0,0,NA,Treated,8,Low,NA,NA,NA,2013 Dat,0,NA,NA,NA,NA,NA,NA,NA,NA,NA,NA,NA,NA,NA,NA,NA,NA,NA,NA
120,Treated,60,Control,0,0,NA,Treated,8,Low,9,NA,NA,2013 Dat,0,NA,NA,NA,NA,NA,NA,NA,NA,NA,NA,NA,NA,NA,NA,NA,NA,NA,NA
121,Pr1 Treated,61,Pr1,20,33,5,Treated,5,Low,4.181818182,2.181818182,3.818181818,2013 Dat,138,138,NA,NA,NA,NA,NA,NA,NA,NA,NA,NA,NA,NA,NA,0.225791667,0.193162791,0.193162791,0.193162791
122,Treated,61,Control,0,0,NA,Treated,5,Low,NA,NA,NA,2013 Dat,0,NA,NA,NA,NA,NA,NA,NA,NA,NA,NA,NA,NA,NA,NA,0.225791667,0.193162791,0.193162791,0.193162791
123,Pr1,62,Pr1,0,0,NA,none,4,Low,NA,NA,NA,2013 Dat,0,NA,NA,NA,NA,NA,NA,NA,NA,NA,NA,18.95583333,19.79295833,20.58556944,20.73556548,0.129166667,0.095045833,0.064534722,0.070974406
124,Control,62,Control,0,0,NA,none,4,Low,NA,NA,NA,2013 Dat,0,NA,NA,NA,NA,NA,NA,NA,NA,NA,NA,18.95583333,19.79295833,20.58556944,20.73556548,0.129166667,0.095045833,0.064534722,0.070974406
125,Pr1,63,Pr1,0,0,NA,none,7,Low,NA,NA,NA,2013 Dat,0,NA,NA,NA,NA,NA,NA,NA,NA,NA,NA,NA,NA,NA,NA,NA,NA,NA,NA
126,Control,63,Control,0,0,NA,none,7,Low,NA,NA,NA,2013 Dat,0,NA,NA,NA,NA,NA,NA,NA,NA,NA,NA,NA,NA,NA,NA,NA,NA,NA,NA
127,Pr1,64,Pr1,0,0,NA,none,4,Low,NA,NA,NA,2013 Dat,0,NA,NA,NA,NA,NA,NA,NA,NA,NA,NA,18.95583333,19.79295833,20.58556944,20.73556548,0.129166667,0.095045833,0.064534722,0.070974406
128,Control,64,Control,0,0,NA,none,4,Low,NA,NA,NA,2013 Dat,0,NA,NA,NA,NA,NA,NA,NA,NA,NA,NA,18.95583333,19.79295833,20.58556944,20.73556548,0.129166667,0.095045833,0.064534722,0.070974406
129,Pr1 Treated,65,Pr1,7,12,1,Treated,5,Low,4.666666667,2.5,3.6,2013 Dat,56,56,NA,NA,NA,NA,NA,NA,NA,NA,NA,NA,NA,NA,NA,0.225791667,0.193162791,0.193162791,0.193162791
130,Treated,65,Control,5,7,2,Treated,5,Low,4,1.4,3.6,2013 Dat,28,28,NA,NA,NA,NA,NA,NA,NA,NA,NA,NA,NA,NA,NA,0.225791667,0.193162791,0.193162791,0.193162791
131,Pr1,66,Pr1,0,0,NA,none,5,Low,NA,NA,NA,2013 Dat,0,NA,NA,NA,NA,NA,NA,NA,NA,NA,NA,NA,NA,NA,NA,0.2076875,0.173790698,0.173790698,0.173790698
132,Control,66,Control,0,0,NA,none,5,Low,10,NA,NA,2013 Dat,0,NA,NA,NA,NA,NA,NA,NA,NA,NA,NA,NA,NA,NA,NA,0.2076875,0.173790698,0.173790698,0.173790698
133,Pr1 Treated,67,Pr1,2,7,4,Treated,4,Low,5.5,2,3.5,2013 Dat,38.5,38.5,NA,NA,NA,NA,NA,NA,NA,NA,NA,20.77875,22.84220833,23.65216667,23.23306548,0.185333333,0.147175,0.101688889,0.101841865
134,Treated,67,Control,3,7,5,Treated,4,Low,7.666666667,1.666666667,4,2013 Dat,53.66666667,53.66666667,NA,NA,NA,NA,NA,NA,NA,NA,NA,20.77875,22.84220833,23.65216667,23.23306548,0.185333333,0.147175,0.101688889,0.101841865
135,Pr1 Treated,68,Pr1,7,93,7,Treated,2,Low,22.14285714,6.155,6.125,2013 Dat,2059.285714,2059.285714,NA,NA,NA,NA,NA,NA,NA,NA,NA,16.759375,23.96690678,22.9473324,20.45260438,0.2239375,0.247408333,0.207306944,0.189411979
136,Treated,68,Control,3,37,8,Treated,2,Low,29,9.12,6.666666667,2013 Dat,1073,1073,NA,NA,NA,NA,NA,NA,NA,NA,NA,16.759375,23.96690678,22.9473324,20.45260438,0.2239375,0.247408333,0.207306944,0.189411979
137,Pr1,69,Pr1,0,0,NA,none,6,Low,NA,6.695,NA,2013 Dat,0,NA,NA,NA,NA,NA,NA,NA,NA,NA,NA,NA,NA,NA,NA,NA,NA,NA,NA
138,Control,69,Control,0,0,NA,none,6,Low,NA,6.69,NA,2013 Dat,0,NA,NA,NA,NA,NA,NA,NA,NA,NA,NA,NA,NA,NA,NA,NA,NA,NA,NA
139,Pr1,70,Pr1,1,7,3,none,2,Low,13,6.05,6,2013 Dat,91,91,NA,NA,NA,NA,NA,NA,NA,NA,NA,12.91791667,16.77745763,16.86698324,16.99367641,0.123270833,0.148445833,0.078183333,0.088326042
140,Control,70,Control,0,0,NA,none,2,Low,NA,NA,NA,2013 Dat,0,NA,NA,NA,NA,NA,NA,NA,NA,NA,NA,12.91791667,16.77745763,16.86698324,16.99367641,0.123270833,0.148445833,0.078183333,0.088326042
141,Pr1 Treated,71,Pr1,2,18,5,Treated,1,Low,17,6.55,5,2013 Dat,306,306,NA,NA,NA,NA,NA,NA,NA,NA,NA,22.978125,18.4705,17.65679306,19.95567902,0.061,0.0634125,0.140322222,0.188114583
142,Treated,71,Control,1,6,3,Treated,1,Low,2,4.11,4,2013 Dat,12,12,NA,NA,NA,NA,NA,NA,NA,NA,NA,22.978125,18.4705,17.65679306,19.95567902,0.061,0.0634125,0.140322222,0.188114583
143,Pr1,72,Pr1,0,0,NA,none,8,Low,NA,NA,NA,2013 Dat,0,NA,NA,NA,NA,NA,NA,NA,NA,NA,NA,NA,NA,NA,NA,NA,NA,NA,NA
144,Control,72,Control,0,0,NA,none,8,Low,NA,NA,NA,2013 Dat,0,NA,NA,NA,NA,NA,NA,NA,NA,NA,NA,NA,NA,NA,NA,NA,NA,NA,NA
145,Pr1 Treated,73,Pr1,3,37,4,Treated,2,Low,18.33333333,5.286666667,5.666666667,2013 Dat,678.3333332,678.3333332,NA,NA,NA,NA,NA,NA,NA,NA,NA,16.759375,23.96690678,22.9473324,20.45260438,0.2239375,0.247408333,0.207306944,0.189411979
146,Treated,73,Control,2,30,7,Treated,2,Low,24,8.355,6.5,2013 Dat,720,720,NA,NA,NA,NA,NA,NA,NA,NA,NA,16.759375,23.96690678,22.9473324,20.45260438,0.2239375,0.247408333,0.207306944,0.189411979
147,Pr1,74,Pr1,0,0,NA,none,8,Low,16,NA,NA,2013 Dat,0,NA,NA,NA,NA,NA,NA,NA,NA,NA,NA,NA,NA,NA,NA,NA,NA,NA,NA
148,Control,74,Control,0,0,NA,none,8,Low,NA,NA,NA,2013 Dat,0,NA,NA,NA,NA,NA,NA,NA,NA,NA,NA,NA,NA,NA,NA,NA,NA,NA,NA
149,Pr1 Treated,75,Pr1,7,58,6,Treated,1,Low,27.8,7.846666667,6.833333333,2013 Dat,1612.4,1612.4,NA,NA,NA,NA,NA,NA,NA,NA,NA,22.978125,18.4705,17.65679306,19.95567902,0.061,0.0634125,0.140322222,0.188114583
150,Treated,75,Control,4,32,7,Treated,1,Low,24.5,6.7225,7,2013 Dat,784,784,NA,NA,NA,NA,NA,NA,NA,NA,NA,22.978125,18.4705,17.65679306,19.95567902,0.061,0.0634125,0.140322222,0.188114583
151,Pr1 Treated,76,Pr1,0,0,NA,Treated,8,Low,28,NA,NA,2013 Dat,0,NA,NA,NA,NA,NA,NA,NA,NA,NA,NA,NA,NA,NA,NA,NA,NA,NA,NA
152,Treated,76,Control,0,0,NA,Treated,8,Low,NA,NA,NA,2013 Dat,0,NA,NA,NA,NA,NA,NA,NA,NA,NA,NA,NA,NA,NA,NA,NA,NA,NA,NA
153,Pr1,77,Pr1,9,77,4,none,1,Low,31.66666667,5.85125,8,2013 Dat,2438.333334,2438.333334,NA,NA,NA,NA,NA,NA,NA,NA,NA,17.62520833,14.07172917,12.70801111,14.4300929,0.034291667,0.035170833,0.107776389,0.103339583
154,Control,77,Control,9,86,5,none,1,Low,32.375,6.53875,7,2013 Dat,2784.25,2784.25,NA,NA,NA,NA,NA,NA,NA,NA,NA,17.62520833,14.07172917,12.70801111,14.4300929,0.034291667,0.035170833,0.107776389,0.103339583
155,Pr1,78,Pr1,0,0,NA,none,6,Low,NA,NA,NA,2013 Dat,0,NA,NA,NA,NA,NA,NA,NA,NA,NA,NA,NA,NA,NA,NA,NA,NA,NA,NA
156,Control,78,Control,0,0,NA,none,6,Low,NA,NA,NA,2013 Dat,0,NA,NA,NA,NA,NA,NA,NA,NA,NA,NA,NA,NA,NA,NA,NA,NA,NA,NA
157,Pr1 Treated,79,Pr1,8,92,6,Treated,2,Low,36.42857143,6.615714286,9,2013 Dat,3351.428572,3351.428572,NA,NA,NA,NA,NA,NA,NA,NA,NA,16.759375,23.96690678,22.9473324,20.45260438,0.2239375,0.247408333,0.207306944,0.189411979
158,Treated,79,Control,1,27,6,Treated,2,Low,30,5.4,7,2013 Dat,810,810,NA,NA,NA,NA,NA,NA,NA,NA,NA,16.759375,23.96690678,22.9473324,20.45260438,0.2239375,0.247408333,0.207306944,0.189411979
159,Pr1,80,Pr1,0,0,NA,none,7,Low,NA,NA,NA,2013 Dat,0,NA,NA,NA,NA,NA,NA,NA,NA,NA,NA,NA,NA,NA,NA,NA,NA,NA,NA
160,Control,80,Control,0,0,NA,none,7,Low,NA,NA,NA,2013 Dat,0,NA,NA,NA,NA,NA,NA,NA,NA,NA,NA,NA,NA,NA,NA,NA,NA,NA,NA
161,Pr1,81,Pr1,2,4,3,none,5,Low,17.25,1.365,4,2013 Dat,69,69,NA,NA,NA,NA,NA,NA,NA,NA,NA,NA,NA,NA,NA,0.2076875,0.173790698,0.173790698,0.173790698
162,Control,81,Control,0,0,NA,none,5,Low,NA,NA,NA,2013 Dat,0,NA,NA,NA,NA,NA,NA,NA,NA,NA,NA,NA,NA,NA,NA,0.2076875,0.173790698,0.173790698,0.173790698
163,Pr1 Treated,82,Pr1,0,0,NA,Treated,3,Low,25,5.138181818,6.727272727,2013 Dat,0,NA,NA,NA,NA,NA,NA,NA,NA,NA,NA,16.53375,19.20904167,18.40208333,21.03048246,0.182270833,0.14775,0.189048611,0.136306806
164,Treated,82,Control,0,0,NA,Treated,3,Low,21,NA,NA,2013 Dat,0,NA,NA,NA,NA,NA,NA,NA,NA,NA,NA,16.53375,19.20904167,18.40208333,21.03048246,0.182270833,0.14775,0.189048611,0.136306806
165,Pr1 Treated,83,Pr1,12,74,4,Treated,3,Low,19.4,3.78375,6.7,2013 Dat,1435.6,1435.6,NA,NA,NA,NA,NA,NA,NA,NA,NA,16.53375,19.20904167,18.40208333,21.03048246,0.182270833,0.14775,0.189048611,0.136306806
166,Treated,83,Control,5,90,6,Treated,3,Low,24.8,6.266666667,7.8,2013 Dat,2232,2232,NA,NA,NA,NA,NA,NA,NA,NA,NA,16.53375,19.20904167,18.40208333,21.03048246,0.182270833,0.14775,0.189048611,0.136306806
167,Pr1 Treated,84,Pr1,0,0,NA,Treated,9,Low,NA,5.5,NA,2013 Dat,0,NA,NA,NA,NA,NA,NA,NA,NA,NA,NA,NA,NA,NA,NA,NA,NA,NA,NA
168,Treated,84,Control,0,0,NA,Treated,9,Low,NA,NA,NA,2013 Dat,0,NA,NA,NA,NA,NA,NA,NA,NA,NA,NA,NA,NA,NA,NA,NA,NA,NA,NA
169,Pr1 Treated,85,Pr1,0,0,NA,Treated,1,Low,NA,NA,NA,2013 Dat,0,NA,NA,NA,NA,NA,NA,NA,NA,NA,NA,22.978125,18.4705,17.65679306,19.95567902,0.061,0.0634125,0.140322222,0.188114583
170,Treated,85,Control,0,0,NA,Treated,1,Low,NA,3.67,NA,2013 Dat,0,NA,NA,NA,NA,NA,NA,NA,NA,NA,NA,22.978125,18.4705,17.65679306,19.95567902,0.061,0.0634125,0.140322222,0.188114583
171,Pr1,86,Pr1,0,0,NA,none,6,Low,NA,NA,NA,2013 Dat,0,NA,NA,NA,NA,NA,NA,NA,NA,NA,NA,NA,NA,NA,NA,NA,NA,NA,NA
172,Control,86,Control,0,0,NA,none,6,Low,NA,NA,NA,2013 Dat,0,NA,NA,NA,NA,NA,NA,NA,NA,NA,NA,NA,NA,NA,NA,NA,NA,NA,NA
173,Pr1 Treated,87,Pr1,0,0,NA,Treated,7,Low,NA,NA,NA,2013 Dat,0,NA,NA,NA,NA,NA,NA,NA,NA,NA,NA,NA,NA,NA,NA,NA,NA,NA,NA
174,Treated,87,Control,0,0,NA,Treated,7,Low,NA,NA,NA,2013 Dat,0,NA,NA,NA,NA,NA,NA,NA,NA,NA,NA,NA,NA,NA,NA,NA,NA,NA,NA
175,Pr1 Treated,88,Pr1,0,0,NA,Treated,7,Low,NA,NA,NA,2013 Dat,0,NA,NA,NA,NA,NA,NA,NA,NA,NA,NA,NA,NA,NA,NA,NA,NA,NA,NA
176,Treated,88,Control,0,0,NA,Treated,7,Low,NA,NA,NA,2013 Dat,0,NA,NA,NA,NA,NA,NA,NA,NA,NA,NA,NA,NA,NA,NA,NA,NA,NA,NA
177,Pr1 Treated,89,Pr1,2,2,3,Treated,4,Low,3,1.065,2,2013 Dat,6,6,NA,NA,NA,NA,NA,NA,NA,NA,NA,20.77875,22.84220833,23.65216667,23.23306548,0.185333333,0.147175,0.101688889,0.101841865
178,Treated,89,Control,0,0,NA,Treated,4,Low,NA,NA,NA,2013 Dat,0,NA,NA,NA,NA,NA,NA,NA,NA,NA,NA,20.77875,22.84220833,23.65216667,23.23306548,0.185333333,0.147175,0.101688889,0.101841865
179,Pr1 Treated,90,Pr1,0,0,NA,Treated,9,Low,NA,NA,NA,2013 Dat,0,NA,NA,NA,NA,NA,NA,NA,NA,NA,NA,NA,NA,NA,NA,NA,NA,NA,NA
180,Treated,90,Control,0,0,NA,Treated,9,Low,NA,NA,NA,2013 Dat,0,NA,NA,NA,NA,NA,NA,NA,NA,NA,NA,NA,NA,NA,NA,NA,NA,NA,NA
181,Pr1 Treated,91,Pr1,4,4,2,Treated,6,Low,1.5,1.083333333,2.333333333,2013 Dat,6,6,NA,NA,NA,NA,NA,NA,NA,NA,NA,NA,NA,NA,NA,NA,NA,NA,NA
182,Treated,91,Control,11,11,2,Treated,6,Low,2,1,2,2013 Dat,22,22,NA,NA,NA,NA,NA,NA,NA,NA,NA,NA,NA,NA,NA,NA,NA,NA,NA
183,Pr1,92,Pr1,0,0,NA,none,4,Low,NA,NA,2,2013 Dat,0,NA,NA,NA,NA,NA,NA,NA,NA,NA,NA,18.95583333,19.79295833,20.58556944,20.73556548,0.129166667,0.095045833,0.064534722,0.070974406
184,Control,92,Control,0,0,NA,none,4,Low,NA,NA,NA,2013 Dat,0,NA,NA,NA,NA,NA,NA,NA,NA,NA,NA,18.95583333,19.79295833,20.58556944,20.73556548,0.129166667,0.095045833,0.064534722,0.070974406
185,Pr1 Treated,93,Pr1,9,9,3,Treated,6,Low,1.833333333,1.366666667,2.2,2013 Dat,16.5,16.5,NA,NA,NA,NA,NA,NA,NA,NA,NA,NA,NA,NA,NA,NA,NA,NA,NA
186,Treated,93,Control,12,12,3,Treated,6,Low,1.714285714,1.6,2.714285714,2013 Dat,20.57142857,20.57142857,NA,NA,NA,NA,NA,NA,NA,NA,NA,NA,NA,NA,NA,NA,NA,NA,NA
187,Pr1,94,Pr1,0,0,NA,none,7,Low,NA,NA,NA,2013 Dat,0,NA,NA,NA,NA,NA,NA,NA,NA,NA,NA,NA,NA,NA,NA,NA,NA,NA,NA
188,Control,94,Control,0,0,NA,none,7,Low,NA,NA,NA,2013 Dat,0,NA,NA,NA,NA,NA,NA,NA,NA,NA,NA,NA,NA,NA,NA,NA,NA,NA,NA
189,Pr1,95,Pr1,0,0,NA,none,9,Low,NA,NA,NA,2013 Dat,0,NA,NA,NA,NA,NA,NA,NA,NA,NA,NA,NA,NA,NA,NA,NA,NA,NA,NA
190,Control,95,Control,0,0,NA,none,9,Low,NA,NA,NA,2013 Dat,0,NA,NA,NA,NA,NA,NA,NA,NA,NA,NA,NA,NA,NA,NA,NA,NA,NA,NA
191,Pr1,96,Pr1,0,0,NA,none,3,Low,NA,NA,NA,2013 Dat,0,NA,NA,NA,NA,NA,NA,NA,NA,NA,NA,14.99416667,17.61575,16.47892222,18.85354386,0.065791667,0.0396,0.090990278,0.078610471
192,Control,96,Control,0,0,NA,none,3,Low,NA,NA,NA,2013 Dat,0,NA,NA,NA,NA,NA,NA,NA,NA,NA,NA,14.99416667,17.61575,16.47892222,18.85354386,0.065791667,0.0396,0.090990278,0.078610471
193,Pr1 Treated,97,Pr1,0,0,NA,Treated,9,Low,NA,NA,NA,2013 Dat,0,NA,NA,NA,NA,NA,NA,NA,NA,NA,NA,NA,NA,NA,NA,NA,NA,NA,NA
194,Treated,97,Control,0,0,NA,Treated,9,Low,NA,NA,NA,2013 Dat,0,NA,NA,NA,NA,NA,NA,NA,NA,NA,NA,NA,NA,NA,NA,NA,NA,NA,NA
195,Pr1,98,Pr1,0,0,NA,none,2,Low,NA,NA,NA,2013 Dat,0,NA,NA,NA,NA,NA,NA,NA,NA,NA,NA,12.91791667,16.77745763,16.86698324,16.99367641,0.123270833,0.148445833,0.078183333,0.088326042
196,Control,98,Control,0,0,NA,none,2,Low,NA,NA,NA,2013 Dat,0,NA,NA,NA,NA,NA,NA,NA,NA,NA,NA,12.91791667,16.77745763,16.86698324,16.99367641,0.123270833,0.148445833,0.078183333,0.088326042
197,Pr1,99,Pr1,0,0,NA,none,8,Low,NA,NA,2,2013 Dat,0,NA,NA,NA,NA,NA,NA,NA,NA,NA,NA,NA,NA,NA,NA,NA,NA,NA,NA
198,Control,99,Control,0,0,NA,none,8,Low,NA,NA,2,2013 Dat,0,NA,NA,NA,NA,NA,NA,NA,NA,NA,NA,NA,NA,NA,NA,NA,NA,NA,NA
199,Pr1 Treated,100,Pr1,1,1,0,Treated,6,Low,2,1,NA,2013 Dat,2,2,NA,NA,NA,NA,NA,NA,NA,NA,NA,NA,NA,NA,NA,NA,NA,NA,NA
200,Treated,100,Control,2,2,1,Treated,6,Low,1.5,1,2,2013 Dat,3,3,NA,NA,NA,NA,NA,NA,NA,NA,NA,NA,NA,NA,NA,NA,NA,NA,NA
201,Pr1 Treated,101,Pr1,2,2,1,Treated,8,Low,NA,NA,4.5,2013 Dat,0,NA,NA,NA,NA,NA,NA,NA,NA,NA,NA,NA,NA,NA,NA,NA,NA,NA,NA
202,Treated,101,Control,9,9,8,Treated,8,Low,NA,NA,NA,2013 Dat,0,NA,NA,NA,NA,NA,NA,NA,NA,NA,NA,NA,NA,NA,NA,NA,NA,NA,NA
203,Pr1,102,Pr1,3,9,3,none,5,Low,3.666666667,2.276666667,2,2013 Dat,33,33,NA,NA,NA,NA,NA,NA,NA,NA,NA,NA,NA,NA,NA,0.2076875,0.173790698,0.173790698,0.173790698
204,Control,102,Control,0,0,NA,none,5,Low,NA,NA,NA,2013 Dat,0,NA,NA,NA,NA,NA,NA,NA,NA,NA,NA,NA,NA,NA,NA,0.2076875,0.173790698,0.173790698,0.173790698
205,Pr1,103,Pr1,0,0,NA,none,2,Low,18,4.48,6,2013 Dat,0,NA,NA,NA,NA,NA,NA,NA,NA,NA,NA,12.91791667,16.77745763,16.86698324,16.99367641,0.123270833,0.148445833,0.078183333,0.088326042
206,Control,103,Control,0,0,NA,none,2,Low,NA,NA,NA,2013 Dat,0,NA,NA,NA,NA,NA,NA,NA,NA,NA,NA,12.91791667,16.77745763,16.86698324,16.99367641,0.123270833,0.148445833,0.078183333,0.088326042
207,Pr1 Treated,104,Pr1,0,0,NA,Treated,7,Low,NA,NA,NA,2013 Dat,0,NA,NA,NA,NA,NA,NA,NA,NA,NA,NA,NA,NA,NA,NA,NA,NA,NA,NA
208,Treated,104,Control,0,0,NA,Treated,7,Low,NA,NA,NA,2013 Dat,0,NA,NA,NA,NA,NA,NA,NA,NA,NA,NA,NA,NA,NA,NA,NA,NA,NA,NA
209,Pr1,105,Pr1,0,0,NA,none,9,Low,NA,NA,NA,2013 Dat,0,NA,NA,NA,NA,NA,NA,NA,NA,NA,NA,NA,NA,NA,NA,NA,NA,NA,NA
210,Control,105,Control,0,0,NA,none,9,Low,NA,NA,NA,2013 Dat,0,NA,NA,NA,NA,NA,NA,NA,NA,NA,NA,NA,NA,NA,NA,NA,NA,NA,NA
211,Pr1 Treated,106,Pr1,0,0,NA,Treated,4,Low,3,1.475,3.75,2013 Dat,0,NA,NA,NA,NA,NA,NA,NA,NA,NA,NA,20.77875,22.84220833,23.65216667,23.23306548,0.185333333,0.147175,0.101688889,0.101841865
212,Treated,106,Control,0,0,NA,Treated,4,Low,4.5,1.83,3,2013 Dat,0,NA,NA,NA,NA,NA,NA,NA,NA,NA,NA,20.77875,22.84220833,23.65216667,23.23306548,0.185333333,0.147175,0.101688889,0.101841865
213,Pr1,107,Pr1,0,0,NA,none,1,Low,6.5,3.645,4,2013 Dat,0,NA,NA,NA,NA,NA,NA,NA,NA,NA,NA,17.62520833,14.07172917,12.70801111,14.4300929,0.034291667,0.035170833,0.107776389,0.103339583
214,Control,107,Control,0,0,NA,none,1,Low,NA,NA,NA,2013 Dat,0,NA,NA,NA,NA,NA,NA,NA,NA,NA,NA,17.62520833,14.07172917,12.70801111,14.4300929,0.034291667,0.035170833,0.107776389,0.103339583
215,Pr1,108,Pr1,0,0,NA,none,3,Low,NA,NA,NA,2013 Dat,0,NA,NA,NA,NA,NA,NA,NA,NA,NA,NA,14.99416667,17.61575,16.47892222,18.85354386,0.065791667,0.0396,0.090990278,0.078610471
216,Control,108,Control,0,0,NA,none,3,Low,19,5.105,6,2013 Dat,0,NA,NA,NA,NA,NA,NA,NA,NA,NA,NA,14.99416667,17.61575,16.47892222,18.85354386,0.065791667,0.0396,0.090990278,0.078610471
217,Pr1,1,Pr1,0,0,NA,none,7,High,NA,NA,NA,2014 Dat,0,NA,0,NA,0,NA,NA,NA,NA,NA,NA,7.635166667,9.267052083,9.267052083,9.267052083,0.036791667,0.076072917,0.076072917,0.076072917
218,Control,1,Control,0,0,NA,none,7,High,NA,NA,NA,2014 Dat,0,NA,0,NA,0,NA,NA,NA,NA,NA,NA,7.635166667,9.267052083,9.267052083,9.267052083,0.036791667,0.076072917,0.076072917,0.076072917
219,Pr1,2,Pr1,0,0,NA,none,8,High,NA,NA,NA,2014 Dat,0,NA,0,NA,0,NA,NA,NA,NA,NA,NA,NA,NA,NA,NA,NA,NA,NA,NA
220,Control,2,Control,0,0,NA,none,8,High,NA,NA,NA,2014 Dat,0,NA,0,NA,0,NA,NA,NA,NA,NA,NA,NA,NA,NA,NA,NA,NA,NA,NA
221,Pr1 Treated,3,Pr1,0,0,NA,Treated,2,High,NA,NA,NA,2014 Dat,0,NA,0,NA,0,NA,NA,NA,NA,NA,NA,12.59091667,13.2954,14.90412083,15.21988646,0.114416667,0.101191667,0.089647222,0.098479167
222,Treated,3,Control,0,0,NA,Treated,2,High,NA,NA,NA,2014 Dat,0,NA,0,NA,0,NA,NA,NA,NA,NA,NA,12.59091667,13.2954,14.90412083,15.21988646,0.114416667,0.101191667,0.089647222,0.098479167
223,Pr1 Treated,4,Pr1,6,85,NA,Treated,5,High,17.75,6.666666667,5.5,2014 Dat,1508.75,1508.75,129,129,62.5,62.5,0.515503876,NA,NA,NA,NA,18.704375,18.18279167,17.93177778,17.09813281,0.074125,0.084358333,0.095533333,0.081990625
224,Treated,4,Control,5,80,NA,Treated,5,High,20.125,9.25,7,2014 Dat,1529.5,1529.5,144,144,75,75,0.479166667,NA,NA,NA,NA,18.704375,18.18279167,17.93177778,17.09813281,0.074125,0.084358333,0.095533333,0.081990625
225,Pr1 Treated,5,Pr1,0,0,NA,Treated,7,High,NA,NA,NA,2014 Dat,0,NA,0,NA,0,NA,NA,NA,NA,NA,NA,12.18347917,12.3153125,12.3153125,12.3153125,0.054375,0.109510417,0.109510417,0.109510417
226,Treated,5,Control,0,6,NA,Treated,7,High,NA,NA,NA,2014 Dat,0,NA,0,NA,0,NA,NA,NA,NA,NA,NA,12.18347917,12.3153125,12.3153125,12.3153125,0.054375,0.109510417,0.109510417,0.109510417
227,Pr1,6,Pr1,0,0,NA,none,3,High,NA,NA,NA,2014 Dat,0,NA,0,NA,0,NA,NA,NA,NA,NA,NA,14.88958333,13.14361667,12.43589444,14.40569792,0.053458333,0.050308333,0.052963889,0.042970833
228,Control,6,Control,7,108,NA,none,3,High,50.88888889,10.77777778,6.666666667,2014 Dat,5496,5496,1651,1651,804.5,804.5,0.512719564,NA,NA,NA,NA,14.88958333,13.14361667,12.43589444,14.40569792,0.053458333,0.050308333,0.052963889,0.042970833
229,Pr1 Treated,7,Pr1,1,14,NA,Treated,3,High,19.5,11,5,2014 Dat,273,273,61,61,28,28,0.540983607,NA,NA,NA,NA,16.74145833,15.9905,15.00585417,17.3782474,0.101125,0.093741667,0.100633333,0.086102083
230,Treated,7,Control,10,171,NA,Treated,3,High,53.66666667,11.06666667,7.266666667,2014 Dat,9177,9177,2156,2156,1001,1001,0.535714286,NA,NA,NA,NA,16.74145833,15.9905,15.00585417,17.3782474,0.101125,0.093741667,0.100633333,0.086102083
231,Pr1,8,Pr1,0,0,NA,none,6,High,NA,NA,NA,2014 Dat,0,NA,0,NA,0,NA,NA,NA,NA,NA,NA,15.0175,15.35244167,14.40409444,13.35155357,0.045041667,0.053716667,0.047366667,0.051962302
232,Control,8,Control,0,0,NA,none,6,High,NA,NA,NA,2014 Dat,0,NA,0,NA,0,NA,NA,NA,NA,NA,NA,15.0175,15.35244167,14.40409444,13.35155357,0.045041667,0.053716667,0.047366667,0.051962302
233,Pr1,9,Pr1,2,37,NA,none,1,High,31.16666667,11,7,2014 Dat,1153.166667,1153.166667,158,158,80.5,80.5,0.490506329,NA,NA,NA,NA,NA,8.354514706,8.625775974,9.599238987,NA,0.071926471,0.091477273,0.085505507
234,Control,9,Control,3,34,NA,none,1,High,16.16666667,10.66666667,5.333333333,2014 Dat,549.6666667,549.6666667,94,94,46.5,46.5,0.505319149,NA,NA,NA,NA,NA,8.354514706,8.625775974,9.599238987,NA,0.071926471,0.091477273,0.085505507
235,Pr1,10,Pr1,1,33,NA,none,1,High,42,14.5,9.5,2014 Dat,1386,1386,615,615,263,263,0.572357724,NA,NA,NA,NA,NA,8.354514706,8.625775974,9.599238987,NA,0.071926471,0.091477273,0.085505507
236,Control,10,Control,0,104,NA,none,1,High,34.55,8.9,5.4,2014 Dat,3593.2,3593.2,1092,1092,505,505,0.537545788,NA,NA,NA,NA,NA,8.354514706,8.625775974,9.599238987,NA,0.071926471,0.091477273,0.085505507
237,Pr1,11,Pr1,0,0,NA,none,9,High,NA,NA,NA,2014 Dat,0,NA,0,NA,0,NA,NA,NA,NA,NA,NA,NA,NA,NA,NA,NA,NA,NA,NA
238,Control,11,Control,0,0,NA,none,9,High,NA,NA,NA,2014 Dat,0,NA,0,NA,0,NA,NA,NA,NA,NA,NA,NA,NA,NA,NA,NA,NA,NA,NA
239,Pr1 Treated,12,Pr1,0,0,NA,Treated,2,High,NA,NA,NA,2014 Dat,0,NA,0,NA,0,NA,NA,NA,NA,NA,NA,12.59091667,13.2954,14.90412083,15.21988646,0.114416667,0.101191667,0.089647222,0.098479167
240,Treated,12,Control,1,67,NA,Treated,2,High,38.66666667,9,6.666666667,2014 Dat,2590.666667,2590.666667,874,874,377.5,377.5,0.568077803,NA,NA,NA,NA,12.59091667,13.2954,14.90412083,15.21988646,0.114416667,0.101191667,0.089647222,0.098479167
241,Pr1,13,Pr1,0,0,NA,none,7,High,NA,NA,NA,2014 Dat,0,NA,0,NA,0,NA,NA,NA,NA,NA,NA,7.635166667,9.267052083,9.267052083,9.267052083,0.036791667,0.076072917,0.076072917,0.076072917
242,Control,13,Control,0,0,NA,none,7,High,NA,NA,NA,2014 Dat,0,NA,0,NA,0,NA,NA,NA,NA,NA,NA,7.635166667,9.267052083,9.267052083,9.267052083,0.036791667,0.076072917,0.076072917,0.076072917
243,Pr1 Treated,14,Pr1,0,0,NA,Treated,2,High,NA,NA,NA,2014 Dat,0,NA,0,NA,0,NA,NA,NA,NA,NA,NA,12.59091667,13.2954,14.90412083,15.21988646,0.114416667,0.101191667,0.089647222,0.098479167
244,Treated,14,Control,0,0,NA,Treated,2,High,NA,NA,NA,2014 Dat,0,NA,0,NA,0,NA,NA,NA,NA,NA,NA,12.59091667,13.2954,14.90412083,15.21988646,0.114416667,0.101191667,0.089647222,0.098479167
245,Treated,15,Control,3,16,NA,Treated,4,High,14.83333333,5.333333333,5,2014 Dat,237.3333333,237.3333333,12,12,5,5,0.583333333,NA,NA,NA,NA,15.80645833,17.31858333,18.30555556,18.39151563,0.11,0.096333333,0.079236111,0.081880208
246,Pr1 Treated,15,Pr1,0,0,NA,Treated,4,High,NA,NA,NA,2014 Dat,0,NA,0,NA,0,NA,NA,NA,NA,NA,NA,15.80645833,17.31858333,18.30555556,18.39151563,0.11,0.096333333,0.079236111,0.081880208
247,Pr1,16,Pr1,3,67,NA,none,2,High,34.83333333,8.166666667,5.333333333,2014 Dat,2333.833333,2333.833333,416,416,194,194,0.533653846,NA,NA,NA,NA,10.194125,9.52255,11.05333056,12.07730208,0.090875,0.085791667,0.077786111,0.063032292
248,Control,16,Control,10,173,NA,none,2,High,42.34615385,7.230769231,5.846153846,2014 Dat,7325.884615,7325.884615,1314,1314,627,627,0.52283105,NA,NA,NA,NA,10.194125,9.52255,11.05333056,12.07730208,0.090875,0.085791667,0.077786111,0.063032292
249,Pr1,17,Pr1,3,40,NA,none,2,High,36.2,8.6,5,2014 Dat,1448,1448,517,517,346.5,346.5,0.329787234,NA,NA,NA,NA,10.194125,9.52255,11.05333056,12.07730208,0.090875,0.085791667,0.077786111,0.063032292
250,Control,17,Control,10,257,NA,none,2,High,50.11764706,7.235294118,5.941176471,2014 Dat,12880.23529,12880.23529,2409,2409,1115.5,1115.5,0.53694479,NA,NA,NA,NA,10.194125,9.52255,11.05333056,12.07730208,0.090875,0.085791667,0.077786111,0.063032292
251,Pr1 Treated,18,Pr1,0,0,NA,Treated,1,High,NA,NA,NA,2014 Dat,0,NA,0,NA,0,NA,NA,NA,NA,NA,NA,NA,9.930632353,10.67086851,12.43901597,NA,0.10775,0.111506494,0.10445815
252,Treated,18,Control,0,0,NA,Treated,1,High,NA,NA,NA,2014 Dat,0,NA,0,NA,0,NA,NA,NA,NA,NA,NA,NA,9.930632353,10.67086851,12.43901597,NA,0.10775,0.111506494,0.10445815
253,Pr1 Treated,19,Pr1,10,147,NA,Treated,4,High,49.04166667,9.666666667,7.833333333,2014 Dat,7209.125,7209.125,1122,1122,523.5,523.5,0.53342246,NA,NA,NA,NA,15.80645833,17.31858333,18.30555556,18.39151563,0.11,0.096333333,0.079236111,0.081880208
254,Treated,19,Control,10,248,NA,Treated,4,High,59.73333333,9.333333333,8,2014 Dat,14813.86667,14813.86667,2093,2093,1018.5,1018.5,0.513377926,NA,NA,NA,NA,15.80645833,17.31858333,18.30555556,18.39151563,0.11,0.096333333,0.079236111,0.081880208
255,Pr1,20,Pr1,1,9,NA,none,4,High,11.5,9,5,2014 Dat,103.5,103.5,0,0,0,NA,NA,NA,NA,NA,NA,12.72433333,13.46128333,14.48567222,15.49508333,0.055125,0.042833333,0.034155556,0.049694792
256,Control,20,Control,2,12,NA,none,4,High,11.25,9,5,2014 Dat,135,135,0,0,0,NA,NA,NA,NA,NA,NA,12.72433333,13.46128333,14.48567222,15.49508333,0.055125,0.042833333,0.034155556,0.049694792
257,Pr1,21,Pr1,0,0,NA,none,5,High,NA,NA,NA,2014 Dat,0,NA,0,NA,0,NA,NA,NA,NA,NA,NA,15.30416667,15.33463333,15.48268611,15.00900208,0.044375,0.066291667,0.072794444,0.062298958
258,Control,21,Control,1,16,NA,none,5,High,8,9,5,2014 Dat,128,130,0,NA,0,NA,NA,NA,NA,NA,NA,15.30416667,15.33463333,15.48268611,15.00900208,0.044375,0.066291667,0.072794444,0.062298958
259,Pr1 Treated,22,Pr1,0,0,NA,Treated,3,High,NA,NA,NA,2014 Dat,0,NA,0,NA,0,NA,NA,NA,NA,NA,NA,16.74145833,15.9905,15.00585417,17.3782474,0.101125,0.093741667,0.100633333,0.086102083
260,Treated,22,Control,4,138,NA,Treated,3,High,38.85714286,10.14285714,7.714285714,2014 Dat,5362.285714,5362.285714,968,968,469,469,0.515495868,NA,NA,NA,NA,16.74145833,15.9905,15.00585417,17.3782474,0.101125,0.093741667,0.100633333,0.086102083
261,Pr1,23,Pr1,6,108,NA,none,4,High,34.94444444,9.222222222,5.777777778,2014 Dat,3774,3774,446,446,225.5,225.5,0.494394619,NA,NA,NA,NA,12.72433333,13.46128333,14.48567222,15.49508333,0.055125,0.042833333,0.034155556,0.049694792
262,Control,23,Control,8,171,NA,none,4,High,51.5,10.125,7.375,2014 Dat,8806.5,8806.5,1706,1706,804,804,0.528722157,NA,NA,NA,NA,12.72433333,13.46128333,14.48567222,15.49508333,0.055125,0.042833333,0.034155556,0.049694792
263,Pr1,24,Pr1,0,0,NA,none,3,High,NA,NA,NA,2014 Dat,0,NA,0,NA,0,NA,NA,NA,NA,NA,NA,14.88958333,13.14361667,12.43589444,14.40569792,0.053458333,0.050308333,0.052963889,0.042970833
264,Control,24,Control,5,66,NA,none,3,High,17.9,10.4,6.4,2014 Dat,1181.4,1181.4,239,239,120.5,120.5,0.4958159,NA,NA,NA,NA,14.88958333,13.14361667,12.43589444,14.40569792,0.053458333,0.050308333,0.052963889,0.042970833
265,Pr1,25,Pr1,0,0,NA,none,9,High,NA,NA,NA,2014 Dat,0,NA,0,NA,0,NA,NA,NA,NA,NA,NA,NA,NA,NA,NA,NA,NA,NA,NA
266,Control,25,Control,0,0,NA,none,9,High,NA,NA,NA,2014 Dat,0,NA,0,NA,0,NA,NA,NA,NA,NA,NA,NA,NA,NA,NA,NA,NA,NA,NA
267,Pr1 Treated,26,Pr1,0,0,NA,Treated,9,High,NA,NA,NA,2014 Dat,0,NA,0,NA,0,NA,NA,NA,NA,NA,NA,NA,NA,NA,NA,NA,NA,NA,NA
268,Treated,26,Control,0,0,NA,Treated,9,High,NA,NA,NA,2014 Dat,0,NA,0,NA,0,NA,NA,NA,NA,NA,NA,NA,NA,NA,NA,NA,NA,NA,NA
269,Pr1,27,Pr1,0,0,NA,none,4,High,NA,NA,NA,2014 Dat,0,NA,0,NA,0,NA,NA,NA,NA,NA,NA,12.72433333,13.46128333,14.48567222,15.49508333,0.055125,0.042833333,0.034155556,0.049694792
270,Control,27,Control,4,27,NA,none,4,High,13.66666667,9,5.666666667,2014 Dat,369,369,15,15,8.5,8.5,0.433333333,NA,NA,NA,NA,12.72433333,13.46128333,14.48567222,15.49508333,0.055125,0.042833333,0.034155556,0.049694792
271,Pr1 Treated,28,Pr1,0,0,NA,Treated,8,High,NA,NA,NA,2014 Dat,0,NA,0,NA,0,NA,NA,NA,NA,NA,NA,NA,NA,NA,NA,NA,NA,NA,NA
272,Treated,28,Control,0,0,NA,Treated,8,High,NA,NA,NA,2014 Dat,0,NA,0,NA,0,NA,NA,NA,NA,NA,NA,NA,NA,NA,NA,NA,NA,NA,NA
273,Pr1 Treated,29,Pr1,0,0,NA,Treated,9,High,NA,NA,NA,2014 Dat,0,NA,0,NA,0,NA,NA,NA,NA,NA,NA,NA,NA,NA,NA,NA,NA,NA,NA
274,Treated,29,Control,0,0,NA,Treated,9,High,NA,NA,NA,2014 Dat,0,NA,0,NA,0,NA,NA,NA,NA,NA,NA,NA,NA,NA,NA,NA,NA,NA,NA
275,Pr1,30,Pr1,0,0,NA,none,5,High,NA,NA,NA,2014 Dat,0,NA,0,NA,0,NA,NA,NA,NA,NA,NA,15.30416667,15.33463333,15.48268611,15.00900208,0.044375,0.066291667,0.072794444,0.062298958
276,Control,30,Control,2,10,NA,none,5,High,10.75,6.5,4,2014 Dat,107.5,107.5,0,0,0,NA,NA,NA,NA,NA,NA,15.30416667,15.33463333,15.48268611,15.00900208,0.044375,0.066291667,0.072794444,0.062298958
277,Pr1 Treated,31,Pr1,3,42,NA,Treated,5,High,21.91666667,9.5,5.666666667,2014 Dat,920.5,920.5,247,247,112.5,112.5,0.544534413,NA,NA,NA,NA,18.704375,18.18279167,17.93177778,17.09813281,0.074125,0.084358333,0.095533333,0.081990625
278,Treated,31,Control,0,196,NA,Treated,5,High,26.9375,7.0625,5.125,2014 Dat,5279.75,5279.75,555,555,256.5,256.5,0.537837838,NA,NA,NA,NA,18.704375,18.18279167,17.93177778,17.09813281,0.074125,0.084358333,0.095533333,0.081990625
279,Pr1 Treated,32,Pr1,2,12,NA,Treated,6,High,16.5,6.5,4.5,2014 Dat,198,198,9,9,4.5,4.5,0.5,NA,NA,NA,NA,16.64354167,16.9225,16.34435417,15.61690278,0.064541667,0.062283333,0.062233333,0.070565476
280,Treated,32,Control,3,12,NA,Treated,6,High,16.25,7,4,2014 Dat,195,195,0,0,0,NA,NA,NA,NA,NA,NA,16.64354167,16.9225,16.34435417,15.61690278,0.064541667,0.062283333,0.062233333,0.070565476
281,Pr1 Treated,33,Pr1,0,0,NA,Treated,6,High,NA,NA,NA,2014 Dat,0,NA,0,NA,0,NA,NA,NA,NA,NA,NA,16.64354167,16.9225,16.34435417,15.61690278,0.064541667,0.062283333,0.062233333,0.070565476
282,Treated,33,Control,1,4,NA,Treated,6,High,18.5,9,5,2014 Dat,74,74,4,4,1.5,1.5,0.625,NA,NA,NA,NA,16.64354167,16.9225,16.34435417,15.61690278,0.064541667,0.062283333,0.062233333,0.070565476
283,Pr1 Treated,34,Pr1,0,0,NA,Treated,7,High,NA,NA,NA,2014 Dat,0,NA,0,NA,0,NA,NA,NA,NA,NA,NA,12.18347917,12.3153125,12.3153125,12.3153125,0.054375,0.109510417,0.109510417,0.109510417
284,Treated,34,Control,1,2,NA,Treated,7,High,18,3,3,2014 Dat,36,36,0,NA,0,NA,NA,NA,NA,NA,NA,12.18347917,12.3153125,12.3153125,12.3153125,0.054375,0.109510417,0.109510417,0.109510417
285,Pr1 Treated,35,Pr1,0,0,NA,Treated,5,High,NA,NA,NA,2014 Dat,0,NA,0,NA,0,NA,NA,NA,NA,NA,NA,18.704375,18.18279167,17.93177778,17.09813281,0.074125,0.084358333,0.095533333,0.081990625
286,Treated,35,Control,8,91,NA,Treated,5,High,21.72727273,8.363636364,5.090909091,2014 Dat,1977.181818,1977.181818,216,216,108.5,108.5,0.497685185,NA,NA,NA,NA,18.704375,18.18279167,17.93177778,17.09813281,0.074125,0.084358333,0.095533333,0.081990625
287,Pr1 Treated,36,Pr1,0,0,NA,Treated,6,High,NA,NA,NA,2014 Dat,0,NA,0,NA,0,NA,NA,NA,NA,NA,NA,16.64354167,16.9225,16.34435417,15.61690278,0.064541667,0.062283333,0.062233333,0.070565476
288,Treated,36,Control,5,20,NA,Treated,6,High,17.66666667,7.666666667,5.666666667,2014 Dat,353.3333333,353.3333333,15,15,6.5,6.5,0.566666667,NA,NA,NA,NA,16.64354167,16.9225,16.34435417,15.61690278,0.064541667,0.062283333,0.062233333,0.070565476
289,Pr1 Treated,37,Pr1,0,0,NA,Treated,8,High,NA,NA,NA,2014 Dat,0,NA,0,NA,0,NA,NA,NA,NA,NA,NA,NA,NA,NA,NA,NA,NA,NA,NA
290,Treated,37,Control,0,0,NA,Treated,8,High,NA,NA,NA,2014 Dat,0,NA,0,NA,0,NA,NA,NA,NA,NA,NA,NA,NA,NA,NA,NA,NA,NA,NA
291,Pr1,38,Pr1,0,0,NA,none,1,High,NA,NA,NA,2014 Dat,0,NA,0,NA,0,NA,NA,NA,NA,NA,NA,NA,8.354514706,8.625775974,9.599238987,NA,0.071926471,0.091477273,0.085505507
292,Control,38,Control,1,22,NA,none,1,High,17.5,9.333333333,5.333333333,2014 Dat,385,385,87,87,44.5,44.5,0.488505747,NA,NA,NA,NA,NA,8.354514706,8.625775974,9.599238987,NA,0.071926471,0.091477273,0.085505507
293,Treated,39,Control,0,0,NA,Treated,8,High,NA,NA,NA,2014 Dat,0,NA,0,NA,0,NA,NA,NA,NA,NA,NA,NA,NA,NA,NA,NA,NA,NA,NA
294,Pr1 Treated,39,Pr1,0,0,NA,Treated,8,High,NA,NA,NA,2014 Dat,0,NA,0,NA,0,NA,NA,NA,NA,NA,NA,NA,NA,NA,NA,NA,NA,NA,NA
295,Pr1,40,Pr1,0,0,NA,none,6,High,NA,NA,NA,2014 Dat,0,NA,0,NA,0,NA,NA,NA,NA,NA,NA,15.0175,15.35244167,14.40409444,13.35155357,0.045041667,0.053716667,0.047366667,0.051962302
296,Control,40,Control,0,0,NA,none,6,High,NA,NA,NA,2014 Dat,0,NA,0,NA,0,NA,NA,NA,NA,NA,NA,15.0175,15.35244167,14.40409444,13.35155357,0.045041667,0.053716667,0.047366667,0.051962302
297,Pr1,41,Pr1,0,0,NA,none,8,High,NA,NA,NA,2014 Dat,0,NA,0,NA,0,NA,NA,NA,NA,NA,NA,NA,NA,NA,NA,NA,NA,NA,NA
298,Control,41,Control,0,0,NA,none,8,High,NA,NA,NA,2014 Dat,0,NA,0,NA,0,NA,NA,NA,NA,NA,NA,NA,NA,NA,NA,NA,NA,NA,NA
299,Pr1,42,Pr1,0,0,NA,none,6,High,NA,NA,NA,2014 Dat,0,NA,0,NA,0,NA,NA,NA,NA,NA,NA,15.0175,15.35244167,14.40409444,13.35155357,0.045041667,0.053716667,0.047366667,0.051962302
300,Control,42,Control,0,0,NA,none,6,High,NA,NA,NA,2014 Dat,0,NA,0,NA,0,NA,NA,NA,NA,NA,NA,15.0175,15.35244167,14.40409444,13.35155357,0.045041667,0.053716667,0.047366667,0.051962302
301,Pr1 Treated,43,Pr1,0,0,NA,Treated,1,High,NA,NA,NA,2014 Dat,0,NA,0,NA,0,NA,NA,NA,NA,NA,NA,NA,9.930632353,10.67086851,12.43901597,NA,0.10775,0.111506494,0.10445815
302,Treated,43,Control,1,5,NA,Treated,1,High,9,9,5,2014 Dat,45,45,0,NA,0,NA,NA,NA,NA,NA,NA,NA,9.930632353,10.67086851,12.43901597,NA,0.10775,0.111506494,0.10445815
303,Pr1,44,Pr1,0,0,NA,none,8,High,NA,NA,NA,2014 Dat,0,NA,0,NA,0,NA,NA,NA,NA,NA,NA,NA,NA,NA,NA,NA,NA,NA,NA
304,Control,44,Control,0,0,NA,none,8,High,NA,NA,NA,2014 Dat,0,NA,0,NA,0,NA,NA,NA,NA,NA,NA,NA,NA,NA,NA,NA,NA,NA,NA
305,Pr1,45,Pr1,7,88,NA,none,2,High,47,8.846153846,7.307692308,2014 Dat,4136,4136,891,891,442,442,0.503928171,NA,NA,NA,NA,10.194125,9.52255,11.05333056,12.07730208,0.090875,0.085791667,0.077786111,0.063032292
306,Control,45,Control,12,276,NA,none,2,High,61.81578947,8.052631579,9.526315789,2014 Dat,17061.15789,17061.15789,1888,1888,913,913,0.516419492,NA,NA,NA,NA,10.194125,9.52255,11.05333056,12.07730208,0.090875,0.085791667,0.077786111,0.063032292
307,Pr1 Treated,46,Pr1,2,6,NA,Treated,7,High,3.5,3.5,2.5,2014 Dat,21,21,0,NA,0,NA,NA,NA,NA,NA,NA,12.18347917,12.3153125,12.3153125,12.3153125,0.054375,0.109510417,0.109510417,0.109510417
308,Treated,46,Control,1,3,NA,Treated,7,High,7.5,5,4,2014 Dat,22.5,22.5,0,0,0,NA,NA,NA,NA,NA,NA,12.18347917,12.3153125,12.3153125,12.3153125,0.054375,0.109510417,0.109510417,0.109510417
309,Pr1,47,Pr1,0,0,NA,none,3,High,NA,NA,NA,2014 Dat,0,NA,0,NA,0,NA,NA,NA,NA,NA,NA,14.88958333,13.14361667,12.43589444,14.40569792,0.053458333,0.050308333,0.052963889,0.042970833
310,Control,47,Control,6,101,NA,none,3,High,23.9,8.1,5.7,2014 Dat,2413.9,2413.9,566,566,281.5,281.5,0.502650177,NA,NA,NA,NA,14.88958333,13.14361667,12.43589444,14.40569792,0.053458333,0.050308333,0.052963889,0.042970833
311,Pr1 Treated,48,Pr1,0,0,NA,Treated,1,High,NA,NA,NA,2014 Dat,0,NA,0,NA,0,NA,NA,NA,NA,NA,NA,NA,9.930632353,10.67086851,12.43901597,NA,0.10775,0.111506494,0.10445815
312,Treated,48,Control,0,0,NA,Treated,1,High,NA,NA,NA,2014 Dat,0,NA,0,NA,0,NA,NA,NA,NA,NA,NA,NA,9.930632353,10.67086851,12.43901597,NA,0.10775,0.111506494,0.10445815
313,Pr1,49,Pr1,0,0,NA,none,9,High,NA,NA,NA,2014 Dat,0,NA,0,NA,0,NA,NA,NA,NA,NA,NA,NA,NA,NA,NA,NA,NA,NA,NA
314,Control,49,Control,0,0,NA,none,9,High,NA,NA,NA,2014 Dat,0,NA,0,NA,0,NA,NA,NA,NA,NA,NA,NA,NA,NA,NA,NA,NA,NA,NA
315,Pr1 Treated,50,Pr1,0,0,NA,Treated,3,High,NA,NA,NA,2014 Dat,0,NA,0,NA,0,NA,NA,NA,NA,NA,NA,16.74145833,15.9905,15.00585417,17.3782474,0.101125,0.093741667,0.100633333,0.086102083
316,Treated,50,Control,15,314,NA,Treated,3,High,51.32352941,6.764705882,6.588235294,2014 Dat,16115.58824,16115.58824,2307,2307,1121.5,1121.5,0.513870828,NA,NA,NA,NA,16.74145833,15.9905,15.00585417,17.3782474,0.101125,0.093741667,0.100633333,0.086102083
317,Pr1,51,Pr1,0,0,NA,none,7,High,NA,NA,NA,2014 Dat,0,NA,0,NA,0,NA,NA,NA,NA,NA,NA,7.635166667,9.267052083,9.267052083,9.267052083,0.036791667,0.076072917,0.076072917,0.076072917
318,Control,51,Control,1,2,NA,none,7,High,4,4,3,2014 Dat,8,8,0,NA,0,NA,NA,NA,NA,NA,NA,7.635166667,9.267052083,9.267052083,9.267052083,0.036791667,0.076072917,0.076072917,0.076072917
319,Pr1 Treated,52,Pr1,8,151,NA,Treated,4,High,44.1,8.9,7,2014 Dat,6659.1,6659.1,1070,1070,498,498,0.534579439,NA,NA,NA,NA,15.80645833,17.31858333,18.30555556,18.39151563,0.11,0.096333333,0.079236111,0.081880208
320,Treated,52,Control,10,176,NA,Treated,4,High,37.8,7.866666667,6.933333333,2014 Dat,6652.8,6652.8,1358,1358,637,637,0.530927835,NA,NA,NA,NA,15.80645833,17.31858333,18.30555556,18.39151563,0.11,0.096333333,0.079236111,0.081880208
321,Pr1 Treated,53,Pr1,0,0,NA,Treated,9,High,NA,NA,NA,2014 Dat,0,NA,0,NA,0,NA,NA,NA,NA,NA,NA,NA,NA,NA,NA,NA,NA,NA,NA
322,Treated,53,Control,0,0,NA,Treated,9,High,NA,NA,NA,2014 Dat,0,NA,0,NA,0,NA,NA,NA,NA,NA,NA,NA,NA,NA,NA,NA,NA,NA,NA
323,Pr1,54,Pr1,0,0,NA,none,5,High,NA,NA,NA,2014 Dat,0,NA,0,NA,0,NA,NA,NA,NA,NA,NA,15.30416667,15.33463333,15.48268611,15.00900208,0.044375,0.066291667,0.072794444,0.062298958
324,Control,54,Control,2,17,NA,none,5,High,29,10.5,5.5,2014 Dat,493,493,110,110,51.5,51.5,0.531818182,NA,NA,NA,NA,15.30416667,15.33463333,15.48268611,15.00900208,0.044375,0.066291667,0.072794444,0.062298958
325,Pr1 Treated,55,Pr1,0,0,NA,Treated,5,Low,24,8.3,7,2014 Dat,0,NA,NA,NA,NA,NA,NA,NA,NA,NA,NA,NA,NA,NA,NA,0.225791667,0.193162791,0.193162791,0.193162791
326,Treated,55,Control,0,57,2,Treated,5,Low,18.25,5.35,7.25,2014 Dat,1040.25,1040.25,NA,NA,NA,NA,NA,NA,NA,NA,NA,NA,NA,NA,NA,0.225791667,0.193162791,0.193162791,0.193162791
327,Pr1,56,Pr1,0,0,NA,none,9,Low,NA,NA,NA,2014 Dat,0,NA,NA,NA,NA,NA,NA,NA,NA,NA,NA,NA,NA,NA,NA,NA,NA,NA,NA
328,Control,56,Control,0,0,NA,none,9,Low,NA,NA,NA,2014 Dat,0,NA,NA,NA,NA,NA,NA,NA,NA,NA,NA,NA,NA,NA,NA,NA,NA,NA,NA
329,Pr1 Treated,57,Pr1,0,121,3,Treated,3,Low,99.88888889,6.115,11.22222222,2014 Dat,12086.55556,12086.55556,NA,NA,NA,NA,NA,NA,NA,NA,NA,16.53375,19.20904167,18.40208333,21.03048246,0.182270833,0.14775,0.189048611,0.136306806
330,Treated,57,Control,0,163,2,Treated,3,Low,112.75,6.56625,12.625,2014 Dat,18378.25,18378.25,NA,NA,NA,NA,NA,NA,NA,NA,NA,16.53375,19.20904167,18.40208333,21.03048246,0.182270833,0.14775,0.189048611,0.136306806
331,Pr1,58,Pr1,0,28,5,none,3,Low,63.33333333,7.083333333,9.333333333,2014 Dat,1773.333333,1773.333333,NA,NA,NA,NA,NA,NA,NA,NA,NA,14.99416667,17.61575,16.47892222,18.85354386,0.065791667,0.0396,0.090990278,0.078610471
332,Control,58,Control,0,47,3,none,3,Low,62.5,8.4,8.5,2014 Dat,2937.5,2937.5,NA,NA,NA,NA,NA,NA,NA,NA,NA,14.99416667,17.61575,16.47892222,18.85354386,0.065791667,0.0396,0.090990278,0.078610471
333,Pr1,59,Pr1,0,112,4,none,1,Low,90.16666667,8.083333333,10.66666667,2014 Dat,10098.66667,10098.66667,NA,NA,NA,NA,NA,NA,NA,NA,NA,17.62520833,14.07172917,12.70801111,14.4300929,0.034291667,0.035170833,0.107776389,0.103339583
334,Control,59,Control,0,56,5,none,1,Low,NA,NA,NA,2014 Dat,0,NA,NA,NA,NA,NA,NA,NA,NA,NA,NA,17.62520833,14.07172917,12.70801111,14.4300929,0.034291667,0.035170833,0.107776389,0.103339583
335,Pr1 Treated,60,Pr1,0,0,NA,Treated,8,Low,NA,NA,NA,2014 Dat,0,NA,NA,NA,NA,NA,NA,NA,NA,NA,NA,NA,NA,NA,NA,NA,NA,NA,NA
336,Treated,60,Control,0,0,NA,Treated,8,Low,NA,NA,NA,2014 Dat,0,NA,NA,NA,NA,NA,NA,NA,NA,NA,NA,NA,NA,NA,NA,NA,NA,NA,NA
337,Pr1 Treated,61,Pr1,0,0,NA,Treated,5,Low,NA,NA,NA,2014 Dat,0,NA,NA,NA,NA,NA,NA,NA,NA,NA,NA,NA,NA,NA,NA,0.225791667,0.193162791,0.193162791,0.193162791
338,Treated,61,Control,0,54,4,Treated,5,Low,20.16666667,4.433333333,6.166666667,2014 Dat,1089,1089,NA,NA,NA,NA,NA,NA,NA,NA,NA,NA,NA,NA,NA,0.225791667,0.193162791,0.193162791,0.193162791
339,Pr1,62,Pr1,0,0,NA,none,4,Low,NA,NA,NA,2014 Dat,0,NA,NA,NA,NA,NA,NA,NA,NA,NA,NA,18.95583333,19.79295833,20.58556944,20.73556548,0.129166667,0.095045833,0.064534722,0.070974406
340,Control,62,Control,0,0,NA,none,4,Low,NA,NA,NA,2014 Dat,0,NA,NA,NA,NA,NA,NA,NA,NA,NA,NA,18.95583333,19.79295833,20.58556944,20.73556548,0.129166667,0.095045833,0.064534722,0.070974406
341,Pr1,63,Pr1,0,0,NA,none,7,Low,NA,NA,NA,2014 Dat,0,NA,NA,NA,NA,NA,NA,NA,NA,NA,NA,NA,NA,NA,NA,NA,NA,NA,NA
342,Control,63,Control,0,0,NA,none,7,Low,NA,NA,NA,2014 Dat,0,NA,NA,NA,NA,NA,NA,NA,NA,NA,NA,NA,NA,NA,NA,NA,NA,NA,NA
343,Pr1,64,Pr1,0,0,NA,none,4,Low,NA,NA,NA,2014 Dat,0,NA,NA,NA,NA,NA,NA,NA,NA,NA,NA,18.95583333,19.79295833,20.58556944,20.73556548,0.129166667,0.095045833,0.064534722,0.070974406
344,Control,64,Control,0,0,NA,none,4,Low,NA,NA,NA,2014 Dat,0,NA,NA,NA,NA,NA,NA,NA,NA,NA,NA,18.95583333,19.79295833,20.58556944,20.73556548,0.129166667,0.095045833,0.064534722,0.070974406
345,Pr1 Treated,65,Pr1,0,0,NA,Treated,5,Low,NA,NA,NA,2014 Dat,0,NA,NA,NA,NA,NA,NA,NA,NA,NA,NA,NA,NA,NA,NA,0.225791667,0.193162791,0.193162791,0.193162791
346,Treated,65,Control,0,0,NA,Treated,5,Low,NA,NA,NA,2014 Dat,0,NA,NA,NA,NA,NA,NA,NA,NA,NA,NA,NA,NA,NA,NA,0.225791667,0.193162791,0.193162791,0.193162791
347,Pr1,66,Pr1,0,0,NA,none,5,Low,NA,NA,NA,2014 Dat,0,NA,NA,NA,NA,NA,NA,NA,NA,NA,NA,NA,NA,NA,NA,0.2076875,0.173790698,0.173790698,0.173790698
348,Control,66,Control,0,0,NA,none,5,Low,NA,NA,NA,2014 Dat,0,NA,NA,NA,NA,NA,NA,NA,NA,NA,NA,NA,NA,NA,NA,0.2076875,0.173790698,0.173790698,0.173790698
349,Pr1 Treated,67,Pr1,0,0,NA,Treated,4,Low,NA,NA,NA,2014 Dat,0,NA,NA,NA,NA,NA,NA,NA,NA,NA,NA,20.77875,22.84220833,23.65216667,23.23306548,0.185333333,0.147175,0.101688889,0.101841865
350,Treated,67,Control,0,13,3,Treated,4,Low,34,10,7,2014 Dat,442,442,NA,NA,NA,NA,NA,NA,NA,NA,NA,20.77875,22.84220833,23.65216667,23.23306548,0.185333333,0.147175,0.101688889,0.101841865
351,Pr1 Treated,68,Pr1,0,64,3,Treated,2,Low,107.875,7.625,12,2014 Dat,6904,6904,NA,NA,NA,NA,NA,NA,NA,NA,NA,16.759375,23.96690678,22.9473324,20.45260438,0.2239375,0.247408333,0.207306944,0.189411979
352,Treated,68,Control,0,185,3,Treated,2,Low,93.27272727,7.272727273,12,2014 Dat,17255.45455,17255.45455,NA,NA,NA,NA,NA,NA,NA,NA,NA,16.759375,23.96690678,22.9473324,20.45260438,0.2239375,0.247408333,0.207306944,0.189411979
353,Pr1,69,Pr1,0,0,NA,none,6,Low,NA,NA,NA,2014 Dat,0,NA,NA,NA,NA,NA,NA,NA,NA,NA,NA,NA,NA,NA,NA,NA,NA,NA,NA
354,Control,69,Control,0,0,NA,none,6,Low,NA,NA,NA,2014 Dat,0,NA,NA,NA,NA,NA,NA,NA,NA,NA,NA,NA,NA,NA,NA,NA,NA,NA,NA
355,Pr1,70,Pr1,0,0,NA,none,2,Low,NA,NA,NA,2014 Dat,0,NA,NA,NA,NA,NA,NA,NA,NA,NA,NA,12.91791667,16.77745763,16.86698324,16.99367641,0.123270833,0.148445833,0.078183333,0.088326042
356,Control,70,Control,0,35,4,none,2,Low,42.66666667,8.333333333,8.666666667,2014 Dat,1493.333333,1493.333333,NA,NA,NA,NA,NA,NA,NA,NA,NA,12.91791667,16.77745763,16.86698324,16.99367641,0.123270833,0.148445833,0.078183333,0.088326042
357,Pr1 Treated,71,Pr1,0,33,4,Treated,1,Low,61,8.333333333,10.33333333,2014 Dat,2013,2013,NA,NA,NA,NA,NA,NA,NA,NA,NA,22.978125,18.4705,17.65679306,19.95567902,0.061,0.0634125,0.140322222,0.188114583
358,Treated,71,Control,0,95,4,Treated,1,Low,102.2,9.6,12.6,2014 Dat,9709,9709,NA,NA,NA,NA,NA,NA,NA,NA,NA,22.978125,18.4705,17.65679306,19.95567902,0.061,0.0634125,0.140322222,0.188114583
359,Pr1,72,Pr1,0,78,6,none,8,Low,NA,NA,NA,2014 Dat,0,NA,NA,NA,NA,NA,NA,NA,NA,NA,NA,NA,NA,NA,NA,NA,NA,NA,NA
360,Control,72,Control,0,72,5,none,8,Low,NA,NA,NA,2014 Dat,0,NA,NA,NA,NA,NA,NA,NA,NA,NA,NA,NA,NA,NA,NA,NA,NA,NA,NA
361,Pr1 Treated,73,Pr1,0,0,NA,Treated,2,Low,71.57142857,7.714285714,8.428571429,2014 Dat,0,NA,NA,NA,NA,NA,NA,NA,NA,NA,NA,16.759375,23.96690678,22.9473324,20.45260438,0.2239375,0.247408333,0.207306944,0.189411979
362,Treated,73,Control,0,0,NA,Treated,2,Low,70.66666667,9,9.166666667,2014 Dat,0,NA,NA,NA,NA,NA,NA,NA,NA,NA,NA,16.759375,23.96690678,22.9473324,20.45260438,0.2239375,0.247408333,0.207306944,0.189411979
363,Pr1,74,Pr1,0,0,NA,none,8,Low,NA,NA,NA,2014 Dat,0,NA,NA,NA,NA,NA,NA,NA,NA,NA,NA,NA,NA,NA,NA,NA,NA,NA,NA
364,Control,74,Control,0,0,NA,none,8,Low,NA,NA,NA,2014 Dat,0,NA,NA,NA,NA,NA,NA,NA,NA,NA,NA,NA,NA,NA,NA,NA,NA,NA,NA
365,Pr1 Treated,75,Pr1,0,120,3,Treated,1,Low,113,8.666666667,10,2014 Dat,13560,13560,NA,NA,NA,NA,NA,NA,NA,NA,NA,22.978125,18.4705,17.65679306,19.95567902,0.061,0.0634125,0.140322222,0.188114583
366,Treated,75,Control,0,210,2,Treated,1,Low,97.15384615,8.384615385,11.81818182,2014 Dat,20402.30769,20402.30769,NA,NA,NA,NA,NA,NA,NA,NA,NA,22.978125,18.4705,17.65679306,19.95567902,0.061,0.0634125,0.140322222,0.188114583
367,Pr1 Treated,76,Pr1,0,0,NA,Treated,8,Low,NA,NA,NA,2014 Dat,0,NA,NA,NA,NA,NA,NA,NA,NA,NA,NA,NA,NA,NA,NA,NA,NA,NA,NA
368,Treated,76,Control,0,0,NA,Treated,8,Low,NA,NA,12,2014 Dat,0,NA,NA,NA,NA,NA,NA,NA,NA,NA,NA,NA,NA,NA,NA,NA,NA,NA,NA
369,Pr1,77,Pr1,0,184,4,none,1,Low,105.4,6.7,10.6,2014 Dat,19393.6,19393.6,NA,NA,NA,NA,NA,NA,NA,NA,NA,17.62520833,14.07172917,12.70801111,14.4300929,0.034291667,0.035170833,0.107776389,0.103339583
370,Control,77,Control,0,265,3,none,1,Low,109.4666667,6.866666667,11.33333333,2014 Dat,29008.66667,29008.66667,NA,NA,NA,NA,NA,NA,NA,NA,NA,17.62520833,14.07172917,12.70801111,14.4300929,0.034291667,0.035170833,0.107776389,0.103339583
371,Pr1,78,Pr1,0,0,NA,none,6,Low,70.33333333,7.666666667,8.666666667,2014 Dat,0,NA,NA,NA,NA,NA,NA,NA,NA,NA,NA,NA,NA,NA,NA,NA,NA,NA,NA
372,Control,78,Control,0,0,NA,none,6,Low,73.11111111,9.333333333,8.666666667,2014 Dat,0,NA,NA,NA,NA,NA,NA,NA,NA,NA,NA,NA,NA,NA,NA,NA,NA,NA,NA
373,Pr1 Treated,79,Pr1,0,90,6,Treated,2,Low,NA,NA,NA,2014 Dat,0,NA,NA,NA,NA,NA,NA,NA,NA,NA,NA,16.759375,23.96690678,22.9473324,20.45260438,0.2239375,0.247408333,0.207306944,0.189411979
374,Treated,79,Control,0,185,3,Treated,2,Low,NA,NA,NA,2014 Dat,0,NA,NA,NA,NA,NA,NA,NA,NA,NA,NA,16.759375,23.96690678,22.9473324,20.45260438,0.2239375,0.247408333,0.207306944,0.189411979
375,Pr1,80,Pr1,0,0,NA,none,7,Low,NA,NA,NA,2014 Dat,0,NA,NA,NA,NA,NA,NA,NA,NA,NA,NA,NA,NA,NA,NA,NA,NA,NA,NA
376,Control,80,Control,0,0,NA,none,7,Low,NA,NA,NA,2014 Dat,0,NA,NA,NA,NA,NA,NA,NA,NA,NA,NA,NA,NA,NA,NA,NA,NA,NA,NA
377,Pr1,81,Pr1,0,0,NA,none,5,Low,NA,NA,NA,2014 Dat,0,NA,NA,NA,NA,NA,NA,NA,NA,NA,NA,NA,NA,NA,NA,0.2076875,0.173790698,0.173790698,0.173790698
378,Control,81,Control,0,0,NA,none,5,Low,NA,NA,NA,2014 Dat,0,NA,NA,NA,NA,NA,NA,NA,NA,NA,NA,NA,NA,NA,NA,0.2076875,0.173790698,0.173790698,0.173790698
379,Pr1 Treated,82,Pr1,0,0,NA,Treated,3,Low,NA,NA,NA,2014 Dat,0,NA,NA,NA,NA,NA,NA,NA,NA,NA,NA,16.53375,19.20904167,18.40208333,21.03048246,0.182270833,0.14775,0.189048611,0.136306806
380,Treated,82,Control,0,290,4,Treated,3,Low,85.875,7.625,8.875,2014 Dat,24903.75,24903.75,NA,NA,NA,NA,NA,NA,NA,NA,NA,16.53375,19.20904167,18.40208333,21.03048246,0.182270833,0.14775,0.189048611,0.136306806
381,Pr1 Treated,83,Pr1,0,138,4,Treated,3,Low,77.625,6.777777778,7.222222222,2014 Dat,10712.25,10712.25,NA,NA,NA,NA,NA,NA,NA,NA,NA,16.53375,19.20904167,18.40208333,21.03048246,0.182270833,0.14775,0.189048611,0.136306806
382,Treated,83,Control,0,165,3,Treated,3,Low,54.8,7.7,8.5,2014 Dat,9042,9042,NA,NA,NA,NA,NA,NA,NA,NA,NA,16.53375,19.20904167,18.40208333,21.03048246,0.182270833,0.14775,0.189048611,0.136306806
383,Pr1 Treated,84,Pr1,0,7,5,Treated,9,Low,NA,NA,NA,2014 Dat,0,NA,NA,NA,NA,NA,NA,NA,NA,NA,NA,NA,NA,NA,NA,NA,NA,NA,NA
384,Treated,84,Control,0,0,NA,Treated,9,Low,NA,NA,NA,2014 Dat,0,NA,NA,NA,NA,NA,NA,NA,NA,NA,NA,NA,NA,NA,NA,NA,NA,NA,NA
385,Pr1 Treated,85,Pr1,0,0,NA,Treated,1,Low,NA,NA,NA,2014 Dat,0,NA,NA,NA,NA,NA,NA,NA,NA,NA,NA,22.978125,18.4705,17.65679306,19.95567902,0.061,0.0634125,0.140322222,0.188114583
386,Treated,85,Control,0,0,NA,Treated,1,Low,NA,NA,NA,2014 Dat,0,NA,NA,NA,NA,NA,NA,NA,NA,NA,NA,22.978125,18.4705,17.65679306,19.95567902,0.061,0.0634125,0.140322222,0.188114583
387,Pr1,86,Pr1,0,0,NA,none,6,Low,NA,NA,NA,2014 Dat,0,NA,NA,NA,NA,NA,NA,NA,NA,NA,NA,NA,NA,NA,NA,NA,NA,NA,NA
388,Control,86,Control,0,0,NA,none,6,Low,NA,NA,NA,2014 Dat,0,NA,NA,NA,NA,NA,NA,NA,NA,NA,NA,NA,NA,NA,NA,NA,NA,NA,NA
389,Pr1 Treated,87,Pr1,0,0,NA,Treated,7,Low,NA,NA,NA,2014 Dat,0,NA,NA,NA,NA,NA,NA,NA,NA,NA,NA,NA,NA,NA,NA,NA,NA,NA,NA
390,Treated,87,Control,0,0,NA,Treated,7,Low,NA,NA,NA,2014 Dat,0,NA,NA,NA,NA,NA,NA,NA,NA,NA,NA,NA,NA,NA,NA,NA,NA,NA,NA
391,Pr1 Treated,88,Pr1,0,10,5,Treated,7,Low,NA,NA,NA,2014 Dat,0,NA,NA,NA,NA,NA,NA,NA,NA,NA,NA,NA,NA,NA,NA,NA,NA,NA,NA
392,Treated,88,Control,0,0,NA,Treated,7,Low,NA,NA,NA,2014 Dat,0,NA,NA,NA,NA,NA,NA,NA,NA,NA,NA,NA,NA,NA,NA,NA,NA,NA,NA
393,Pr1 Treated,89,Pr1,0,0,NA,Treated,4,Low,NA,NA,NA,2014 Dat,0,NA,NA,NA,NA,NA,NA,NA,NA,NA,NA,20.77875,22.84220833,23.65216667,23.23306548,0.185333333,0.147175,0.101688889,0.101841865
394,Treated,89,Control,0,0,NA,Treated,4,Low,NA,NA,NA,2014 Dat,0,NA,NA,NA,NA,NA,NA,NA,NA,NA,NA,20.77875,22.84220833,23.65216667,23.23306548,0.185333333,0.147175,0.101688889,0.101841865
395,Pr1 Treated,90,Pr1,0,5,4,Treated,9,Low,NA,NA,NA,2014 Dat,0,NA,NA,NA,NA,NA,NA,NA,NA,NA,NA,NA,NA,NA,NA,NA,NA,NA,NA
396,Treated,90,Control,0,0,NA,Treated,9,Low,NA,NA,NA,2014 Dat,0,NA,NA,NA,NA,NA,NA,NA,NA,NA,NA,NA,NA,NA,NA,NA,NA,NA,NA
397,Pr1 Treated,91,Pr1,0,0,NA,Treated,6,Low,NA,NA,NA,2014 Dat,0,NA,NA,NA,NA,NA,NA,NA,NA,NA,NA,NA,NA,NA,NA,NA,NA,NA,NA
398,Treated,91,Control,0,0,NA,Treated,6,Low,NA,NA,NA,2014 Dat,0,NA,NA,NA,NA,NA,NA,NA,NA,NA,NA,NA,NA,NA,NA,NA,NA,NA,NA
399,Pr1,92,Pr1,0,0,NA,none,4,Low,NA,NA,NA,2014 Dat,0,NA,NA,NA,NA,NA,NA,NA,NA,NA,NA,18.95583333,19.79295833,20.58556944,20.73556548,0.129166667,0.095045833,0.064534722,0.070974406
400,Control,92,Control,0,0,NA,none,4,Low,NA,NA,NA,2014 Dat,0,NA,NA,NA,NA,NA,NA,NA,NA,NA,NA,18.95583333,19.79295833,20.58556944,20.73556548,0.129166667,0.095045833,0.064534722,0.070974406
401,Pr1 Treated,93,Pr1,0,0,NA,Treated,6,Low,NA,NA,NA,2014 Dat,0,NA,NA,NA,NA,NA,NA,NA,NA,NA,NA,NA,NA,NA,NA,NA,NA,NA,NA
402,Treated,93,Control,0,0,NA,Treated,6,Low,NA,NA,NA,2014 Dat,0,NA,NA,NA,NA,NA,NA,NA,NA,NA,NA,NA,NA,NA,NA,NA,NA,NA,NA
403,Pr1,94,Pr1,0,0,NA,none,7,Low,NA,NA,NA,2014 Dat,0,NA,NA,NA,NA,NA,NA,NA,NA,NA,NA,NA,NA,NA,NA,NA,NA,NA,NA
404,Control,94,Control,0,0,NA,none,7,Low,NA,NA,NA,2014 Dat,0,NA,NA,NA,NA,NA,NA,NA,NA,NA,NA,NA,NA,NA,NA,NA,NA,NA,NA
405,Pr1,95,Pr1,0,0,NA,none,9,Low,NA,NA,NA,2014 Dat,0,NA,NA,NA,NA,NA,NA,NA,NA,NA,NA,NA,NA,NA,NA,NA,NA,NA,NA
406,Control,95,Control,0,6,5,none,9,Low,NA,NA,NA,2014 Dat,0,NA,NA,NA,NA,NA,NA,NA,NA,NA,NA,NA,NA,NA,NA,NA,NA,NA,NA
407,Pr1,96,Pr1,0,0,NA,none,3,Low,NA,NA,NA,2014 Dat,0,NA,NA,NA,NA,NA,NA,NA,NA,NA,NA,14.99416667,17.61575,16.47892222,18.85354386,0.065791667,0.0396,0.090990278,0.078610471
408,Control,96,Control,0,0,NA,none,3,Low,NA,NA,NA,2014 Dat,0,NA,NA,NA,NA,NA,NA,NA,NA,NA,NA,14.99416667,17.61575,16.47892222,18.85354386,0.065791667,0.0396,0.090990278,0.078610471
409,Pr1 Treated,97,Pr1,0,0,NA,Treated,9,Low,NA,NA,NA,2014 Dat,0,NA,NA,NA,NA,NA,NA,NA,NA,NA,NA,NA,NA,NA,NA,NA,NA,NA,NA
410,Treated,97,Control,0,0,NA,Treated,9,Low,NA,NA,NA,2014 Dat,0,NA,NA,NA,NA,NA,NA,NA,NA,NA,NA,NA,NA,NA,NA,NA,NA,NA,NA
411,Pr1,98,Pr1,0,0,NA,none,2,Low,NA,NA,NA,2014 Dat,0,NA,NA,NA,NA,NA,NA,NA,NA,NA,NA,12.91791667,16.77745763,16.86698324,16.99367641,0.123270833,0.148445833,0.078183333,0.088326042
412,Control,98,Control,0,0,NA,none,2,Low,NA,NA,NA,2014 Dat,0,NA,NA,NA,NA,NA,NA,NA,NA,NA,NA,12.91791667,16.77745763,16.86698324,16.99367641,0.123270833,0.148445833,0.078183333,0.088326042
413,Pr1,99,Pr1,0,0,NA,none,8,Low,NA,NA,NA,2014 Dat,0,NA,NA,NA,NA,NA,NA,NA,NA,NA,NA,NA,NA,NA,NA,NA,NA,NA,NA
414,Control,99,Control,0,0,NA,none,8,Low,NA,NA,NA,2014 Dat,0,NA,NA,NA,NA,NA,NA,NA,NA,NA,NA,NA,NA,NA,NA,NA,NA,NA,NA
415,Pr1 Treated,100,Pr1,0,0,NA,Treated,6,Low,NA,NA,NA,2014 Dat,0,NA,NA,NA,NA,NA,NA,NA,NA,NA,NA,NA,NA,NA,NA,NA,NA,NA,NA
416,Treated,100,Control,0,0,NA,Treated,6,Low,NA,NA,NA,2014 Dat,0,NA,NA,NA,NA,NA,NA,NA,NA,NA,NA,NA,NA,NA,NA,NA,NA,NA,NA
417,Pr1 Treated,101,Pr1,0,0,NA,Treated,8,Low,NA,NA,NA,2014 Dat,0,NA,NA,NA,NA,NA,NA,NA,NA,NA,NA,NA,NA,NA,NA,NA,NA,NA,NA
418,Treated,101,Control,0,0,NA,Treated,8,Low,NA,NA,NA,2014 Dat,0,NA,NA,NA,NA,NA,NA,NA,NA,NA,NA,NA,NA,NA,NA,NA,NA,NA,NA
419,Pr1,102,Pr1,0,0,NA,none,5,Low,NA,NA,NA,2014 Dat,0,NA,NA,NA,NA,NA,NA,NA,NA,NA,NA,NA,NA,NA,NA,0.2076875,0.173790698,0.173790698,0.173790698
420,Control,102,Control,0,0,NA,none,5,Low,NA,NA,NA,2014 Dat,0,NA,NA,NA,NA,NA,NA,NA,NA,NA,NA,NA,NA,NA,NA,0.2076875,0.173790698,0.173790698,0.173790698
421,Pr1,103,Pr1,0,0,NA,none,2,Low,NA,NA,NA,2014 Dat,0,NA,NA,NA,NA,NA,NA,NA,NA,NA,NA,12.91791667,16.77745763,16.86698324,16.99367641,0.123270833,0.148445833,0.078183333,0.088326042
422,Control,103,Control,0,62,2,none,2,Low,50.33333333,6.5,9.666666667,2014 Dat,3120.666667,3120.666667,NA,NA,NA,NA,NA,NA,NA,NA,NA,12.91791667,16.77745763,16.86698324,16.99367641,0.123270833,0.148445833,0.078183333,0.088326042
423,Pr1 Treated,104,Pr1,0,0,NA,Treated,7,Low,NA,NA,NA,2014 Dat,0,NA,NA,NA,NA,NA,NA,NA,NA,NA,NA,NA,NA,NA,NA,NA,NA,NA,NA
424,Treated,104,Control,0,0,NA,Treated,7,Low,NA,NA,NA,2014 Dat,0,NA,NA,NA,NA,NA,NA,NA,NA,NA,NA,NA,NA,NA,NA,NA,NA,NA,NA
425,Pr1,105,Pr1,0,0,NA,none,9,Low,NA,NA,NA,2014 Dat,0,NA,NA,NA,NA,NA,NA,NA,NA,NA,NA,NA,NA,NA,NA,NA,NA,NA,NA
426,Control,105,Control,0,0,NA,none,9,Low,NA,NA,NA,2014 Dat,0,NA,NA,NA,NA,NA,NA,NA,NA,NA,NA,NA,NA,NA,NA,NA,NA,NA,NA
427,Pr1 Treated,106,Pr1,0,52,3,Treated,4,Low,42.2,6.6,8.8,2014 Dat,2194.4,2194.4,NA,NA,NA,NA,NA,NA,NA,NA,NA,20.77875,22.84220833,23.65216667,23.23306548,0.185333333,0.147175,0.101688889,0.101841865
428,Treated,106,Control,0,0,NA,Treated,4,Low,NA,NA,NA,2014 Dat,0,NA,NA,NA,NA,NA,NA,NA,NA,NA,NA,20.77875,22.84220833,23.65216667,23.23306548,0.185333333,0.147175,0.101688889,0.101841865
429,Pr1,107,Pr1,0,0,NA,none,1,Low,NA,NA,NA,2014 Dat,0,NA,NA,NA,NA,NA,NA,NA,NA,NA,NA,17.62520833,14.07172917,12.70801111,14.4300929,0.034291667,0.035170833,0.107776389,0.103339583
430,Control,107,Control,0,85,2,none,1,Low,73,8.714285714,12,2014 Dat,6205,6205,NA,NA,NA,NA,NA,NA,NA,NA,NA,17.62520833,14.07172917,12.70801111,14.4300929,0.034291667,0.035170833,0.107776389,0.103339583
431,Pr1,108,Pr1,0,84,3,none,3,Low,37.8,6.8,7.8,2014 Dat,3175.2,3175.2,NA,NA,NA,NA,NA,NA,NA,NA,NA,14.99416667,17.61575,16.47892222,18.85354386,0.065791667,0.0396,0.090990278,0.078610471
432,Control,108,Control,0,0,NA,none,3,Low,NA,NA,NA,2014 Dat,0,NA,NA,NA,NA,NA,NA,NA,NA,NA,NA,14.99416667,17.61575,16.47892222,18.85354386,0.065791667,0.0396,0.090990278,0.078610471
